age_group,income,previous_purchases,purchase_frequency,previous_campaign_response,website_visits,email_engagement,discount_usage,target
56+,58138.0,22.0,0.7897,0,7.0,0.0,0.1364,1
56+,46344.0,4.0,0.4086,0,5.0,0.0,0.5,0
46-55,71613.0,20.0,1.2248,0,4.0,0.0,0.05,0
26-35,26646.0,6.0,0.5637,0,6.0,0.0,0.3333,0
26-35,58293.0,14.0,1.2316,0,5.0,0.0,0.3571,0
46-55,62513.0,20.0,1.2735,0,6.0,0.0,0.1,0
36-45,55635.0,17.0,0.6651,0,6.0,0.0,0.2353,0
26-35,33454.0,8.0,0.4045,0,8.0,0.0,0.25,0
36-45,30351.0,5.0,0.2656,0,9.0,0.0,0.2,1
56+,5648.0,1.0,0.1039,1,20.0,0.2,1.0,0
26-35,,3.0,0.2222,0,7.0,0.0,0.3333,0
36-45,7500.0,5.0,0.1956,0,8.0,0.0,0.2,0
46-55,63033.0,15.0,1.1109,0,2.0,0.0,0.0667,0
56+,59354.0,12.0,0.8887,0,6.0,0.0,0.25,0
26-35,17323.0,4.0,0.1499,0,8.0,0.0,0.25,0
56+,82800.0,25.0,0.9921,1,3.0,0.4,0.04,1
26-35,41850.0,6.0,0.2478,0,8.0,0.0,0.5,0
56+,37760.0,11.0,0.393,0,7.0,0.0,0.1818,0
56+,76995.0,24.0,1.1361,1,5.0,0.2,0.0833,0
26-35,33812.0,6.0,0.2318,0,6.0,0.0,0.3333,0
26-35,37040.0,11.0,0.3826,0,8.0,0.0,0.0909,0
26-35,2447.0,28.0,1.1771,0,1.0,0.0,0.5357,0
56+,58607.0,14.0,0.5774,1,8.0,0.2,0.2143,0
56+,65324.0,17.0,1.4617,0,4.0,0.0,0.1765,0
56+,40689.0,13.0,0.606,0,8.0,0.0,0.5385,0
36-45,18589.0,6.0,0.2509,0,7.0,0.0,0.3333,0
36-45,53359.0,10.0,0.5221,0,7.0,0.0,0.4,0
26-35,,27.0,1.2103,0,1.0,0.0,0.0,0
18-25,38360.0,7.0,0.368,0,3.0,0.0,0.2857,0
46-55,84618.0,25.0,1.8835,1,2.0,0.2,0.04,0
18-25,10979.0,6.0,0.8189,0,5.0,0.0,0.3333,0
46-55,38620.0,10.0,0.5081,0,3.0,0.0,0.1,0
36-45,40548.0,7.0,0.2624,1,5.0,0.2,0.2857,0
56+,46610.0,11.0,0.4222,0,6.0,0.0,0.5455,1
56+,68657.0,17.0,0.7621,0,7.0,0.0,0.0588,0
56+,49389.0,5.0,0.3112,0,7.0,0.0,0.2,0
36-45,67353.0,23.0,1.918,0,2.0,0.0,0.2174,0
36-45,23718.0,6.0,0.3765,0,7.0,0.0,0.5,0
36-45,42429.0,5.0,0.4712,0,5.0,0.0,0.4,0
56+,48948.0,22.0,0.9593,1,6.0,0.2,0.0909,1
26-35,80011.0,19.0,0.9465,0,4.0,0.0,0.1053,0
26-35,20559.0,5.0,0.2309,0,8.0,0.0,0.4,0
56+,21994.0,3.0,0.1239,0,5.0,0.0,0.3333,0
46-55,,8.0,0.5784,0,2.0,0.0,0.125,0
36-45,7500.0,5.0,0.3345,0,5.0,0.0,0.6,0
36-45,79941.0,15.0,2.4546,0,1.0,0.0,0.0667,0
18-25,7500.0,7.0,0.2725,0,9.0,0.0,0.4286,1
46-55,41728.0,4.0,0.2078,0,10.0,0.0,0.25,0
56+,,7.0,0.5853,0,6.0,0.0,0.4286,0
56+,72550.0,19.0,0.7386,0,8.0,0.0,0.4737,0
56+,65486.0,16.0,2.0901,0,2.0,0.0,0.0625,0
46-55,79143.0,28.0,0.9774,0,3.0,0.0,0.0357,0
36-45,35790.0,5.0,0.209,0,7.0,0.0,0.4,0
36-45,82582.0,20.0,2.9408,1,1.0,0.4,0.05,1
36-45,66373.0,16.0,0.8589,0,3.0,0.0,0.4375,0
56+,82384.0,26.0,1.0251,1,1.0,0.2,0.0385,1
46-55,70287.0,20.0,0.9542,0,3.0,0.0,0.05,1
26-35,27938.0,5.0,0.6161,0,3.0,0.0,0.2,0
26-35,,5.0,0.2708,0,6.0,0.0,0.4,0
46-55,55954.0,16.0,1.6073,0,7.0,0.0,0.1875,0
26-35,75777.0,20.0,1.117,1,1.0,0.4,0.05,1
36-45,66653.0,18.0,0.6484,0,3.0,0.0,0.2222,0
56+,61823.0,20.0,0.8939,0,7.0,0.0,0.2,0
56+,67680.0,18.0,0.9646,0,5.0,0.0,0.0556,0
56+,70666.0,15.0,1.1707,0,4.0,0.0,0.0667,0
36-45,25721.0,4.0,0.2067,0,7.0,0.0,0.25,1
46-55,32474.0,3.0,0.3902,0,7.0,0.0,0.3333,0
26-35,88194.0,31.0,3.2877,1,5.0,0.4,0.0323,1
56+,69096.0,17.0,1.1249,0,4.0,0.0,0.0588,0
36-45,74854.0,12.0,0.5779,0,5.0,0.0,0.5833,0
56+,66991.0,18.0,0.6515,0,3.0,0.0,0.1667,0
36-45,,6.0,0.2179,0,8.0,0.0,0.5,0
46-55,65031.0,26.0,1.2101,0,7.0,0.0,0.1538,0
36-45,60631.0,19.0,0.9107,1,7.0,0.2,0.2632,0
56+,28332.0,7.0,0.8696,0,2.0,0.0,0.1429,0
36-45,40246.0,3.0,0.1231,0,6.0,0.0,0.3333,0
36-45,75251.0,18.0,0.64,0,5.0,0.0,0.0556,1
36-45,75825.0,22.0,0.8267,1,4.0,0.2,0.0,1
36-45,26326.0,3.0,0.1891,0,3.0,0.0,0.3333,0
46-55,56046.0,19.0,0.7944,1,8.0,0.2,0.1053,1
26-35,29760.0,8.0,0.2851,0,8.0,0.0,0.5,0
36-45,26304.0,3.0,0.1642,0,7.0,0.0,0.3333,0
36-45,23559.0,6.0,0.3345,0,7.0,0.0,0.5,0
46-55,38620.0,10.0,0.5081,0,3.0,0.0,0.1,0
26-35,81361.0,26.0,2.5611,0,1.0,0.0,0.0385,0
46-55,29440.0,5.0,0.3002,0,7.0,0.0,0.4,0
36-45,36138.0,8.0,0.4568,1,7.0,0.2,0.625,0
56+,50388.0,13.0,1.8234,1,7.0,0.4,0.3077,1
36-45,79593.0,18.0,2.3514,1,2.0,0.2,0.0556,0
46-55,54178.0,9.0,0.7963,0,2.0,0.0,0.1111,0
56+,,17.0,0.6703,0,9.0,0.0,0.7059,0
56+,,3.0,0.4189,0,7.0,0.0,0.3333,0
36-45,,14.0,1.0574,0,1.0,0.0,0.0714,0
36-45,42394.0,4.0,0.4302,0,7.0,0.0,0.25,0
36-45,23626.0,7.0,0.9641,0,5.0,0.0,0.4286,0
26-35,30096.0,5.0,0.6825,0,6.0,0.0,0.2,0
46-55,47916.0,17.0,0.6729,1,6.0,0.2,0.2941,0
36-45,51813.0,5.0,0.242,0,7.0,0.0,0.4,0
56+,78497.0,24.0,1.8494,1,2.0,0.2,0.0417,0
26-35,50150.0,14.0,0.7623,0,5.0,0.0,0.1429,0
46-55,47823.0,5.0,0.2893,0,8.0,0.0,0.4,0
46-55,34554.0,5.0,0.5514,0,6.0,0.0,0.4,0
26-35,85693.0,25.0,1.2273,0,5.0,0.0,0.08,0
56+,65846.0,15.0,0.7699,0,4.0,0.0,0.0667,0
46-55,87195.0,19.0,2.4401,0,1.0,0.0,0.0526,1
26-35,24594.0,4.0,0.3154,0,5.0,0.0,0.25,0
46-55,49096.0,9.0,0.5917,0,7.0,0.0,0.4444,0
36-45,52413.0,22.0,0.9607,0,6.0,0.0,0.1818,0
36-45,38557.0,7.0,0.2871,0,7.0,0.0,0.2857,0
46-55,89058.0,13.0,0.5248,0,2.0,0.0,0.0769,0
26-35,77298.0,23.0,1.6511,0,3.0,0.0,0.0435,0
18-25,68126.0,16.0,0.6236,1,9.0,0.2,0.0625,1
46-55,57288.0,17.0,2.7378,1,6.0,0.2,0.1765,0
18-25,86037.0,24.0,1.0034,1,3.0,0.4,0.0417,1
26-35,43974.0,16.0,0.6502,0,7.0,0.0,0.3125,0
46-55,50785.0,6.0,0.3829,0,6.0,0.0,0.3333,0
36-45,90765.0,15.0,1.3389,1,1.0,0.4,0.0,0
36-45,36550.0,15.0,0.6714,0,9.0,0.0,0.3333,0
46-55,30753.0,5.0,0.2829,0,5.0,0.0,0.4,0
36-45,21918.0,5.0,0.3694,0,6.0,0.0,0.4,0
56+,56129.0,18.0,0.9801,0,4.0,0.0,0.2222,0
46-55,32557.0,6.0,0.5891,0,5.0,0.0,0.5,1
26-35,19510.0,4.0,0.2521,0,7.0,0.0,0.5,0
36-45,30992.0,4.0,0.197,0,7.0,0.0,0.25,0
26-35,101970.0,27.0,1.2471,1,2.0,0.6,0.0,1
46-55,71488.0,14.0,0.6257,0,1.0,0.0,0.1429,0
26-35,79607.0,15.0,0.7376,0,1.0,0.0,0.0667,1
56+,54348.0,6.0,0.8865,0,6.0,0.0,0.3333,0
46-55,,14.0,0.7921,0,6.0,0.0,0.2143,0
56+,77376.0,19.0,2.4609,0,4.0,0.0,0.2105,0
56+,62998.0,14.0,0.9324,0,5.0,0.0,0.3571,0
56+,61331.0,18.0,0.8289,0,8.0,0.0,0.2778,0
36-45,73448.0,18.0,1.691,0,4.0,0.0,0.0556,0
46-55,,18.0,1.0806,0,4.0,0.0,0.0556,0
46-55,41551.0,11.0,0.6643,0,8.0,0.0,0.4545,0
46-55,62981.0,22.0,1.0239,1,3.0,0.2,0.0455,0
36-45,9548.0,4.0,0.1391,0,8.0,0.0,0.5,0
46-55,33762.0,6.0,0.3369,0,8.0,0.0,0.5,0
36-45,35860.0,4.0,0.5387,1,5.0,0.2,0.5,1
46-55,36921.0,5.0,0.2921,0,7.0,0.0,0.4,0
18-25,92859.0,21.0,0.796,0,2.0,0.0,0.0476,0
36-45,65104.0,15.0,1.1082,0,7.0,0.0,0.1333,1
46-55,86111.0,22.0,1.0783,0,2.0,0.0,0.0455,0
36-45,68352.0,22.0,1.3666,0,6.0,0.0,0.1364,0
26-35,41883.0,9.0,0.4201,0,7.0,0.0,0.3333,0
36-45,59809.0,12.0,0.4543,0,8.0,0.0,0.25,0
36-45,23957.0,5.0,0.1917,0,6.0,0.0,0.2,1
26-35,38547.0,3.0,0.1864,0,8.0,0.0,0.3333,0
36-45,35688.0,9.0,0.3182,0,8.0,0.0,0.7778,0
46-55,49605.0,7.0,1.104,0,3.0,0.0,0.1429,0
56+,59354.0,15.0,1.819,0,3.0,0.0,0.0667,0
36-45,65747.0,15.0,1.527,1,6.0,0.2,0.2667,0
36-45,46344.0,13.0,0.5297,0,7.0,0.0,0.3077,0
26-35,34176.0,7.0,0.9144,0,6.0,0.0,0.5714,0
56+,61010.0,24.0,0.8985,0,5.0,0.0,0.0833,0
56+,69372.0,20.0,0.8952,1,4.0,0.4,0.05,1
56+,49967.0,12.0,0.6751,0,7.0,0.0,0.25,0
36-45,60199.0,3.0,0.1922,0,4.0,0.0,0.3333,0
36-45,55375.0,8.0,0.5534,0,2.0,0.0,0.125,0
56+,80317.0,17.0,1.039,0,1.0,0.0,0.0588,0
56+,30523.0,3.0,0.1666,0,7.0,0.0,0.3333,0
56+,70356.0,25.0,0.9681,0,6.0,0.0,0.08,0
26-35,23228.0,7.0,0.5918,0,8.0,0.0,0.5714,0
36-45,74165.0,19.0,0.9496,0,2.0,0.0,0.0526,0
36-45,157243.0,22.0,2.1955,0,0.0,0.0,0.6818,0
46-55,43482.0,6.0,0.4422,0,6.0,0.0,0.5,0
56+,62551.0,17.0,1.2682,1,3.0,0.2,0.0588,0
46-55,52332.0,11.0,0.6833,1,4.0,0.2,0.0909,0
26-35,66951.0,14.0,1.005,0,1.0,0.0,0.0714,0
56+,26091.0,6.0,0.591,0,5.0,0.0,0.5,0
46-55,33456.0,4.0,0.4793,0,7.0,0.0,0.5,0
26-35,28718.0,5.0,0.2839,0,8.0,0.0,0.4,0
36-45,50447.0,7.0,0.8388,0,6.0,0.0,0.1429,0
46-55,53537.0,6.0,0.5451,0,5.0,0.0,0.3333,0
46-55,52074.0,6.0,0.6739,1,4.0,0.2,0.1667,0
36-45,80427.0,27.0,0.9783,0,5.0,0.0,0.037,0
56+,83837.0,24.0,0.9805,1,4.0,0.4,0.0417,1
36-45,38853.0,5.0,0.6855,0,7.0,0.0,0.4,0
46-55,38285.0,3.0,0.4806,0,2.0,0.0,0.3333,0
56+,78497.0,24.0,1.8494,1,2.0,0.2,0.0417,0
36-45,51650.0,9.0,1.1707,0,5.0,0.0,0.1111,0
26-35,16248.0,6.0,0.7771,0,6.0,0.0,0.5,0
56+,66835.0,23.0,1.5252,0,2.0,0.0,0.0435,0
26-35,30477.0,5.0,0.4437,0,6.0,0.0,0.2,0
46-55,28249.0,5.0,0.7648,0,6.0,0.0,0.2,0
26-35,25271.0,4.0,0.161,0,9.0,0.0,0.25,0
36-45,32303.0,5.0,0.5107,0,5.0,0.0,0.4,0
46-55,61286.0,16.0,0.9438,0,5.0,0.0,0.125,0
36-45,74068.0,23.0,1.0737,0,2.0,0.0,0.0435,0
46-55,45759.0,5.0,0.2251,0,7.0,0.0,0.4,0
36-45,24882.0,4.0,0.1444,1,6.0,0.2,0.25,0
18-25,66973.0,27.0,1.3859,0,3.0,0.0,0.037,0
56+,36640.0,5.0,0.3301,0,5.0,0.0,0.2,0
26-35,38872.0,6.0,0.3149,0,8.0,0.0,0.3333,0
36-45,51148.0,12.0,0.5363,0,6.0,0.0,0.3333,0
36-45,31353.0,4.0,0.3317,0,8.0,0.0,0.5,0
26-35,69661.0,22.0,2.8863,0,3.0,0.0,0.0455,0
56+,80067.0,16.0,1.0406,1,2.0,0.2,0.0625,0
56+,86718.0,16.0,0.683,0,2.0,0.0,0.0625,0
36-45,46854.0,9.0,0.9961,1,8.0,0.2,0.6667,1
56+,69142.0,16.0,2.6324,1,5.0,0.2,0.1875,0
46-55,75922.0,17.0,1.337,0,1.0,0.0,0.0588,0
36-45,63693.0,26.0,1.7864,0,6.0,0.0,0.1154,0
36-45,102160.0,26.0,1.003,1,4.0,0.6,0.0,1
46-55,40637.0,4.0,0.2289,0,7.0,0.0,0.5,0
26-35,18890.0,3.0,0.1169,1,6.0,0.2,0.3333,1
26-35,29604.0,4.0,0.3138,1,9.0,0.2,0.25,0
46-55,48721.0,11.0,0.5608,0,6.0,0.0,0.5455,0
46-55,44794.0,5.0,0.7388,0,6.0,0.0,0.2,0
56+,64497.0,24.0,0.8676,1,8.0,0.2,0.2083,1
56+,46097.0,10.0,0.4756,0,4.0,0.0,0.5,0
56+,77972.0,19.0,2.008,0,1.0,0.0,0.0526,0
46-55,44377.0,11.0,0.4098,0,8.0,0.0,0.7273,0
36-45,46014.0,16.0,0.6869,0,7.0,0.0,0.625,0
26-35,70951.0,16.0,0.8036,0,1.0,0.0,0.0625,0
36-45,41443.0,14.0,1.5552,0,8.0,0.0,0.4286,0
36-45,52195.0,3.0,0.3919,0,8.0,0.0,0.3333,0
56+,83790.0,24.0,1.7774,1,3.0,0.4,0.0417,0
56+,44551.0,10.0,0.625,0,7.0,0.0,0.2,0
26-35,69508.0,26.0,1.0185,0,6.0,0.0,0.0769,0
26-35,45204.0,6.0,0.6918,0,3.0,0.0,0.1667,0
36-45,72460.0,15.0,1.1082,0,1.0,0.0,0.0667,0
36-45,77622.0,20.0,2.3324,0,3.0,0.0,0.1,0
26-35,30732.0,9.0,0.3778,0,8.0,0.0,0.4444,0
46-55,63887.0,27.0,0.9737,0,6.0,0.0,0.1852,0
36-45,42011.0,8.0,0.3775,0,8.0,0.0,0.5,0
36-45,51369.0,14.0,0.5347,0,8.0,0.0,0.1429,0
56+,51537.0,15.0,0.6071,0,8.0,0.0,0.2,0
36-45,79930.0,16.0,0.5566,0,2.0,0.0,0.0625,0
26-35,34320.0,3.0,0.2871,0,8.0,0.0,0.3333,0
46-55,37070.0,14.0,0.6546,0,7.0,0.0,0.6429,1
46-55,81975.0,13.0,0.5458,1,7.0,0.2,0.0769,0
36-45,38590.0,3.0,0.1535,0,8.0,0.0,0.3333,0
56+,15033.0,4.0,0.4701,0,3.0,0.0,0.25,0
46-55,62745.0,26.0,1.2213,0,5.0,0.0,0.1154,0
36-45,22212.0,6.0,0.4719,0,6.0,0.0,0.3333,0
26-35,23661.0,4.0,0.3106,0,7.0,0.0,0.25,0
56+,79761.0,18.0,1.2094,0,3.0,0.0,0.0556,0
36-45,7500.0,7.0,0.5758,0,7.0,0.0,0.5714,0
56+,60182.0,3.0,0.4005,0,4.0,0.0,0.3333,0
46-55,73455.0,21.0,1.4899,1,3.0,0.2,0.0476,0
56+,64961.0,14.0,0.5774,0,3.0,0.0,0.1429,0
36-45,22804.0,4.0,0.235,0,9.0,0.0,0.25,0
18-25,73687.0,21.0,1.606,1,2.0,0.2,0.0476,1
56+,61074.0,24.0,0.8435,0,7.0,0.0,0.2917,0
46-55,31686.0,4.0,0.5825,0,6.0,0.0,0.5,0
36-45,80134.0,14.0,0.7222,1,6.0,0.6,0.1429,1
56+,75027.0,19.0,0.8021,0,5.0,0.0,0.1053,0
26-35,67546.0,19.0,0.6788,0,3.0,0.0,0.0526,0
36-45,65176.0,21.0,0.806,0,6.0,0.0,0.1905,0
36-45,31160.0,5.0,0.3231,0,8.0,0.0,0.4,0
26-35,29938.0,4.0,0.2831,0,6.0,0.0,0.5,0
36-45,102692.0,28.0,1.3421,1,2.0,0.8,0.0357,1
56+,26490.0,9.0,0.33,0,6.0,0.0,0.2222,0
46-55,75702.0,21.0,0.7485,0,8.0,0.0,0.2381,0
36-45,30899.0,4.0,0.1505,0,6.0,0.0,0.5,0
46-55,63342.0,16.0,0.6042,1,6.0,0.2,0.1875,0
46-55,45989.0,12.0,0.4566,0,3.0,0.0,0.3333,0
46-55,18701.0,6.0,0.3176,0,5.0,0.0,0.6667,0
56+,40737.0,3.0,0.2353,0,8.0,0.0,0.3333,0
26-35,15287.0,4.0,0.1499,1,7.0,0.2,0.5,1
46-55,69674.0,22.0,1.1388,0,5.0,0.0,0.1364,0
36-45,44159.0,11.0,1.6996,0,5.0,0.0,0.3636,0
36-45,37717.0,3.0,0.1189,0,9.0,0.0,0.3333,0
56+,43776.0,11.0,0.4811,0,8.0,0.0,0.5455,1
46-55,38179.0,7.0,0.3243,0,7.0,0.0,0.5714,0
46-55,80124.0,18.0,2.9142,1,1.0,0.2,0.0556,0
36-45,38097.0,7.0,0.264,1,7.0,0.2,0.5714,1
36-45,72940.0,12.0,0.6522,0,1.0,0.0,0.0833,0
36-45,22070.0,6.0,0.4031,0,6.0,0.0,0.3333,0
56+,69267.0,12.0,0.4401,0,7.0,0.0,0.1667,1
26-35,31788.0,7.0,0.745,0,5.0,0.0,0.4286,0
36-45,61905.0,10.0,0.9223,0,5.0,0.0,0.2,0
46-55,29315.0,6.0,0.6789,0,6.0,0.0,0.6667,0
46-55,33378.0,6.0,0.2635,0,7.0,0.0,0.5,0
46-55,66313.0,21.0,1.3571,0,4.0,0.0,0.0952,0
56+,60714.0,21.0,0.8965,0,5.0,0.0,0.0952,1
26-35,77882.0,11.0,1.3666,0,1.0,0.0,0.0909,0
26-35,69867.0,16.0,0.7633,1,1.0,0.2,0.0625,1
46-55,63841.0,21.0,1.0326,0,6.0,0.0,0.0476,0
26-35,24480.0,7.0,0.3097,0,7.0,0.0,0.4286,0
36-45,51369.0,14.0,0.5347,0,8.0,0.0,0.1429,0
56+,37760.0,11.0,0.393,0,7.0,0.0,0.1818,0
36-45,65640.0,14.0,1.3971,0,2.0,0.0,0.0714,0
36-45,44319.0,5.0,0.5899,0,5.0,0.0,0.4,0
36-45,30631.0,6.0,0.3401,0,7.0,0.0,0.1667,0
56+,75278.0,22.0,0.9552,0,3.0,0.0,0.0455,0
56+,50898.0,20.0,0.8431,0,5.0,0.0,0.65,0
46-55,79946.0,21.0,2.7433,0,3.0,0.0,0.0476,0
56+,35416.0,13.0,0.6991,0,8.0,0.0,0.2308,0
26-35,32414.0,4.0,0.2234,1,7.0,0.2,0.25,0
36-45,38361.0,7.0,0.5774,0,7.0,0.0,0.4286,0
26-35,82497.0,18.0,0.6926,1,4.0,0.2,0.0556,0
36-45,16626.0,6.0,0.5218,0,9.0,0.0,0.5,0
46-55,29672.0,3.0,0.1386,0,6.0,0.0,0.3333,0
56+,55951.0,20.0,0.7078,1,8.0,0.4,0.15,0
26-35,35388.0,4.0,0.1834,0,7.0,0.0,0.25,0
26-35,42386.0,6.0,0.2547,0,8.0,0.0,0.1667,0
26-35,68627.0,11.0,0.4663,0,1.0,0.0,0.0909,0
46-55,57912.0,23.0,2.4224,1,5.0,0.2,0.2174,0
56+,35246.0,7.0,0.8226,0,5.0,0.0,0.5714,0
56+,58821.0,20.0,1.368,0,6.0,0.0,0.05,0
36-45,46377.0,6.0,0.5988,0,4.0,0.0,0.1667,0
26-35,39747.0,10.0,1.1617,0,8.0,0.0,0.3,0
26-35,23976.0,7.0,0.5774,0,7.0,0.0,0.4286,0
46-55,80950.0,22.0,1.0414,1,2.0,0.2,0.0455,0
46-55,27038.0,6.0,0.219,0,9.0,0.0,0.1667,1
56+,77457.0,17.0,1.7191,1,1.0,0.2,0.0588,0
46-55,64100.0,17.0,1.0848,1,7.0,0.2,0.0588,0
18-25,42670.0,10.0,0.4965,0,4.0,0.0,0.1,0
36-45,12571.0,7.0,0.614,0,6.0,0.0,0.5714,0
46-55,22574.0,5.0,0.3547,0,7.0,0.0,0.4,0
18-25,,23.0,1.2154,1,3.0,0.4,0.0435,0
36-45,70893.0,22.0,0.9663,0,3.0,0.0,0.0455,0
46-55,54198.0,10.0,0.8031,0,4.0,0.0,0.6,0
56+,28839.0,5.0,0.5159,0,5.0,0.0,0.4,0
36-45,40321.0,6.0,0.3512,0,7.0,0.0,0.3333,0
26-35,66503.0,13.0,0.4553,0,3.0,0.0,0.1538,0
56+,30833.0,4.0,0.2284,0,5.0,0.0,0.5,0
36-45,,15.0,0.9223,1,7.0,0.4,0.4,0
36-45,64795.0,18.0,0.7684,0,2.0,0.0,0.1667,0
36-45,34421.0,3.0,0.1666,0,7.0,0.0,0.3333,0
46-55,47025.0,3.0,0.281,0,7.0,0.0,0.3333,0
46-55,64325.0,18.0,0.7917,0,7.0,0.0,0.2778,0
56+,40464.0,18.0,0.762,0,8.0,0.0,0.3333,0
56+,62187.0,17.0,0.9512,0,3.0,0.0,0.0588,0
36-45,14849.0,6.0,0.3339,0,8.0,0.0,0.5,0
26-35,27255.0,4.0,0.2906,0,7.0,0.0,0.25,0
56+,54432.0,4.0,0.2026,0,4.0,0.0,0.25,0
26-35,29999.0,8.0,0.355,0,8.0,0.0,0.5,0
26-35,24072.0,3.0,0.1463,0,8.0,0.0,0.3333,0
18-25,33996.0,5.0,0.3197,0,4.0,0.0,0.2,0
56+,66334.0,17.0,0.8123,0,5.0,0.0,0.1176,1
36-45,35178.0,4.0,0.1691,1,7.0,0.2,0.25,1
26-35,22010.0,5.0,0.2772,0,8.0,0.0,0.4,0
46-55,62204.0,21.0,0.7609,0,3.0,0.0,0.0476,0
46-55,75693.0,21.0,0.8466,1,4.0,0.6,0.0476,1
36-45,30675.0,4.0,0.1563,0,8.0,0.0,0.25,0
46-55,83003.0,21.0,0.9569,1,3.0,0.2,0.0476,1
56+,83532.0,14.0,0.9243,1,1.0,0.2,0.0714,0
26-35,68655.0,20.0,0.6973,0,3.0,0.0,0.05,0
26-35,41411.0,7.0,0.5477,0,6.0,0.0,0.1429,0
36-45,55212.0,17.0,0.6737,1,8.0,0.4,0.1765,0
56+,59292.0,16.0,0.8604,0,3.0,0.0,0.125,0
36-45,27190.0,3.0,0.1815,1,8.0,0.2,0.3333,1
56+,82623.0,15.0,1.0975,0,1.0,0.0,0.0667,0
46-55,44300.0,4.0,0.219,0,6.0,0.0,0.5,0
36-45,84835.0,14.0,2.1521,0,1.0,0.0,0.0714,1
36-45,30372.0,5.0,0.2068,0,7.0,0.0,0.6,0
36-45,33181.0,3.0,0.2522,1,6.0,0.2,0.3333,0
56+,71113.0,22.0,1.7668,0,4.0,0.0,0.1818,0
26-35,71952.0,20.0,0.8455,1,4.0,0.4,0.1,0
46-55,69759.0,15.0,1.0642,0,3.0,0.0,0.2,1
36-45,72099.0,17.0,0.6509,0,1.0,0.0,0.0588,0
36-45,60000.0,19.0,0.7826,0,6.0,0.0,0.2632,0
36-45,38643.0,5.0,0.3833,0,7.0,0.0,0.4,0
56+,50737.0,6.0,0.3049,1,6.0,0.2,0.1667,0
36-45,68462.0,14.0,0.5689,0,1.0,0.0,0.0714,0
56+,65073.0,13.0,0.7946,0,2.0,0.0,0.0769,0
56+,46681.0,14.0,0.9491,0,5.0,0.0,0.1429,0
56+,78618.0,21.0,0.7757,1,2.0,0.2,0.0476,0
36-45,62187.0,18.0,1.9291,0,4.0,0.0,0.1667,0
36-45,28442.0,7.0,0.6873,0,4.0,0.0,0.4286,0
36-45,37717.0,3.0,0.1189,0,9.0,0.0,0.3333,0
46-55,51479.0,15.0,0.6229,0,7.0,0.0,0.4667,0
36-45,54803.0,17.0,0.6003,0,4.0,0.0,0.1176,0
46-55,79530.0,25.0,1.2832,0,2.0,0.0,0.04,0
36-45,31615.0,5.0,0.2323,0,7.0,0.0,0.4,0
46-55,72025.0,15.0,0.5899,0,3.0,0.0,0.0667,0
36-45,52614.0,14.0,0.5607,0,8.0,0.0,0.1429,0
26-35,35684.0,4.0,0.4812,0,6.0,0.0,0.25,0
36-45,48178.0,10.0,0.3833,0,8.0,0.0,0.6,0
36-45,29548.0,4.0,0.249,1,4.0,0.2,0.25,0
46-55,63810.0,19.0,0.7414,1,8.0,0.2,0.2105,0
36-45,38578.0,6.0,0.3279,0,8.0,0.0,0.5,1
36-45,46098.0,7.0,0.2463,0,8.0,0.0,0.5714,0
36-45,22585.0,4.0,0.1864,1,9.0,0.2,0.25,1
18-25,30279.0,4.0,0.1666,0,8.0,0.0,0.25,0
46-55,66426.0,18.0,1.2041,0,6.0,0.0,0.1111,0
36-45,30822.0,4.0,0.2155,0,7.0,0.0,0.25,0
36-45,33581.0,3.0,0.1265,0,8.0,0.0,0.3333,0
26-35,19986.0,3.0,0.2216,0,7.0,0.0,0.3333,0
56+,27421.0,11.0,0.447,0,7.0,0.0,0.2727,0
36-45,35688.0,9.0,0.3182,0,8.0,0.0,0.7778,0
26-35,36143.0,3.0,0.3308,0,3.0,0.0,0.3333,0
36-45,10245.0,5.0,0.2558,0,5.0,0.0,0.6,0
46-55,43795.0,14.0,0.9663,1,7.0,0.2,0.2143,1
46-55,63381.0,22.0,0.8196,0,2.0,0.0,0.1818,0
56+,38823.0,6.0,0.2141,0,6.0,0.0,0.1667,0
46-55,83664.0,16.0,0.809,0,5.0,0.0,0.1875,0
26-35,90300.0,19.0,1.5975,1,1.0,0.2,0.0,0
26-35,62499.0,10.0,0.7865,0,4.0,0.0,0.2,0
18-25,74293.0,15.0,1.8945,0,2.0,0.0,0.0667,0
56+,51012.0,9.0,0.4404,0,6.0,0.0,0.1111,0
46-55,70777.0,20.0,1.9701,0,3.0,0.0,0.15,0
18-25,68682.0,23.0,1.5522,0,2.0,0.0,0.0435,0
36-45,43824.0,8.0,0.2909,0,8.0,0.0,0.5,0
26-35,15345.0,4.0,0.1429,0,8.0,0.0,0.5,1
26-35,23442.0,4.0,0.1652,0,7.0,0.0,0.25,0
26-35,14515.0,7.0,0.2725,0,7.0,0.0,0.5714,1
56+,31395.0,6.0,0.2818,0,6.0,0.0,0.6667,0
46-55,75276.0,22.0,0.8117,0,5.0,0.0,0.0455,0
36-45,42373.0,8.0,0.4841,0,5.0,0.0,0.625,0
46-55,30507.0,10.0,0.4612,0,7.0,0.0,0.1,0
56+,55521.0,15.0,1.0496,1,7.0,0.2,0.6,1
46-55,48006.0,4.0,0.5939,0,6.0,0.0,0.25,0
36-45,27213.0,6.0,0.2141,0,8.0,0.0,0.5,1
36-45,65808.0,11.0,1.5573,0,6.0,0.0,0.2727,0
36-45,30351.0,5.0,0.2656,0,9.0,0.0,0.2,0
46-55,50437.0,16.0,0.605,0,7.0,0.0,0.1875,0
26-35,23616.0,6.0,0.2359,0,8.0,0.0,0.3333,1
36-45,53858.0,13.0,0.506,0,4.0,0.0,0.3077,0
56+,66465.0,32.0,1.5195,1,6.0,0.2,0.0938,0
26-35,46923.0,13.0,0.4596,0,7.0,0.0,0.2308,0
46-55,75072.0,17.0,0.7319,0,3.0,0.0,0.1176,0
56+,75865.0,18.0,1.9923,0,1.0,0.0,0.0556,0
36-45,19789.0,6.0,0.4498,1,5.0,0.2,0.5,0
18-25,80134.0,20.0,1.9023,1,5.0,0.8,0.05,0
26-35,91065.0,25.0,1.124,1,3.0,0.4,0.04,1
36-45,49505.0,20.0,0.914,0,8.0,0.0,0.45,0
36-45,37401.0,5.0,0.6368,0,7.0,0.0,0.4,0
26-35,30096.0,5.0,0.6825,0,6.0,0.0,0.2,0
26-35,18492.0,3.0,0.4369,0,8.0,0.0,0.3333,0
36-45,82584.0,15.0,0.794,1,1.0,0.4,0.0667,1
56+,93027.0,22.0,1.068,1,2.0,0.2,0.0,0
56+,48686.0,3.0,0.2329,0,8.0,0.0,0.3333,0
26-35,92910.0,26.0,3.1529,1,1.0,0.6,0.0385,0
18-25,75433.0,17.0,1.9164,1,6.0,0.4,0.1176,0
18-25,10404.0,5.0,0.6315,0,5.0,0.0,0.4,0
46-55,61314.0,22.0,1.0888,0,3.0,0.0,0.0909,0
46-55,84865.0,15.0,0.7597,1,4.0,0.8,0.0667,1
18-25,42387.0,16.0,0.6141,0,8.0,0.0,0.3125,0
46-55,67309.0,24.0,1.0332,0,7.0,0.0,0.625,0
46-55,75236.0,24.0,1.8217,0,4.0,0.0,0.0417,0
36-45,30015.0,5.0,0.4584,0,5.0,0.0,0.4,0
56+,50943.0,4.0,0.2182,0,5.0,0.0,0.25,0
46-55,67272.0,20.0,1.6233,0,5.0,0.0,0.15,0
56+,51529.0,15.0,0.9512,0,8.0,0.0,0.1333,0
36-45,32011.0,7.0,0.4296,0,7.0,0.0,0.4286,0
26-35,7500.0,5.0,0.2199,0,8.0,0.0,0.4,0
18-25,28691.0,4.0,0.2234,0,8.0,0.0,0.25,0
56+,56223.0,8.0,0.6476,0,4.0,0.0,0.25,0
56+,18100.0,3.0,0.1783,0,5.0,0.0,0.3333,0
18-25,30279.0,4.0,0.1666,0,8.0,0.0,0.25,0
36-45,20130.0,4.0,0.4213,0,8.0,0.0,0.25,0
46-55,23295.0,3.0,0.1704,0,8.0,0.0,0.3333,0
36-45,42618.0,9.0,0.6115,0,8.0,0.0,0.2222,0
46-55,81246.0,16.0,1.327,1,1.0,0.4,0.0625,0
36-45,24027.0,5.0,0.267,0,8.0,0.0,0.4,0
56+,55707.0,14.0,1.1394,0,3.0,0.0,0.1429,0
56+,57959.0,22.0,1.1014,0,3.0,0.0,0.2273,0
36-45,56796.0,24.0,1.0695,0,7.0,0.0,0.125,0
36-45,36230.0,6.0,0.4151,0,5.0,0.0,0.1667,0
26-35,70829.0,14.0,1.0788,0,3.0,0.0,0.1429,0
36-45,65991.0,24.0,0.8645,0,7.0,0.0,0.125,0
36-45,38988.0,12.0,0.4232,0,8.0,0.0,0.5833,0
46-55,89572.0,23.0,0.8364,1,4.0,0.4,0.0435,1
26-35,42207.0,10.0,0.4763,1,6.0,0.2,0.4,1
56+,50300.0,11.0,1.5219,0,2.0,0.0,0.1818,0
26-35,66664.0,18.0,0.6625,0,3.0,0.0,0.0556,0
46-55,60597.0,12.0,1.0034,1,7.0,0.2,0.3333,1
56+,70165.0,21.0,1.3746,0,1.0,0.0,0.0476,0
56+,50520.0,7.0,0.6322,0,6.0,0.0,0.2857,0
46-55,80124.0,18.0,2.9142,1,1.0,0.2,0.0556,0
36-45,33183.0,7.0,0.6873,0,7.0,0.0,0.2857,0
36-45,66582.0,19.0,1.9086,0,1.0,0.0,0.0526,0
56+,75261.0,16.0,0.7893,1,2.0,0.4,0.0625,1
36-45,31880.0,3.0,0.1154,0,8.0,0.0,0.3333,0
56+,53790.0,17.0,1.7248,0,6.0,0.0,0.1765,0
36-45,49269.0,22.0,0.7715,0,7.0,0.0,0.1364,0
36-45,61456.0,29.0,1.3706,0,4.0,0.0,0.1379,0
26-35,37406.0,3.0,0.2043,0,8.0,0.0,0.3333,1
26-35,56937.0,23.0,0.7964,1,6.0,0.2,0.3043,1
36-45,38415.0,4.0,0.1672,0,7.0,0.0,0.5,0
26-35,20518.0,4.0,0.5363,0,5.0,0.0,0.25,0
56+,62503.0,22.0,0.9833,0,5.0,0.0,0.1818,0
36-45,41644.0,4.0,0.5159,0,3.0,0.0,0.5,0
36-45,55842.0,16.0,2.1937,0,5.0,0.0,0.0625,0
36-45,62010.0,15.0,0.5714,0,5.0,0.0,0.2667,0
36-45,41124.0,14.0,0.5387,0,8.0,0.0,0.5,0
36-45,38961.0,5.0,0.4158,0,7.0,0.0,0.2,0
36-45,37760.0,5.0,0.3002,0,6.0,0.0,0.2,0
36-45,32233.0,10.0,0.3523,1,9.0,0.2,0.2,1
36-45,43057.0,11.0,0.7841,0,5.0,0.0,0.3636,0
46-55,83151.0,18.0,0.6747,0,3.0,0.0,0.0556,0
46-55,78825.0,28.0,1.017,0,3.0,0.0,0.0357,1
36-45,65104.0,15.0,1.1082,0,7.0,0.0,0.1333,0
36-45,60093.0,19.0,1.0458,0,6.0,0.0,0.1053,0
36-45,14045.0,4.0,0.3591,0,7.0,0.0,0.25,0
56+,28457.0,9.0,0.345,0,8.0,0.0,0.1111,0
56+,78952.0,19.0,0.6984,0,6.0,0.0,0.1053,0
36-45,46310.0,12.0,0.4819,0,8.0,0.0,0.1667,0
56+,76005.0,21.0,0.9441,1,6.0,0.2,0.0476,0
46-55,58308.0,11.0,0.4663,0,8.0,0.0,0.3636,0
56+,55614.0,19.0,1.4494,1,7.0,0.2,0.0526,0
46-55,59432.0,19.0,0.9223,0,5.0,0.0,0.1579,0
36-45,55563.0,5.0,0.5637,0,3.0,0.0,0.2,0
36-45,78642.0,17.0,0.8359,0,6.0,0.0,0.0588,0
56+,67911.0,24.0,3.2758,0,3.0,0.0,0.125,0
56+,65275.0,20.0,0.9557,0,2.0,0.0,0.05,0
56+,27203.0,4.0,0.1388,0,8.0,0.0,0.5,0
46-55,48330.0,4.0,0.2962,0,5.0,0.0,0.25,0
18-25,24279.0,8.0,0.3327,0,8.0,0.0,0.125,0
26-35,64355.0,19.0,0.6732,0,8.0,0.0,0.1053,0
56+,50943.0,4.0,0.2182,0,5.0,0.0,0.25,0
56+,53653.0,26.0,1.0094,0,6.0,0.0,0.0769,0
36-45,65665.0,23.0,1.7768,0,3.0,0.0,0.0435,0
18-25,81217.0,21.0,1.206,0,1.0,0.0,0.0476,0
18-25,34935.0,7.0,0.3818,0,7.0,0.0,0.1429,0
46-55,61250.0,19.0,0.7763,0,5.0,0.0,0.3158,0
26-35,39665.0,9.0,0.4683,1,7.0,0.2,0.3333,0
26-35,60152.0,22.0,1.0414,0,3.0,0.0,0.0455,0
46-55,48920.0,13.0,0.9055,1,7.0,0.2,0.2308,0
46-55,89120.0,18.0,1.8958,1,1.0,0.2,0.0556,0
56+,44124.0,13.0,0.6606,0,8.0,0.0,0.3077,0
36-45,81169.0,21.0,1.0211,0,2.0,0.0,0.0476,0
46-55,36443.0,7.0,0.3061,0,8.0,0.0,0.5714,0
18-25,26095.0,4.0,0.2218,0,7.0,0.0,0.25,0
46-55,71367.0,16.0,0.9838,0,2.0,0.0,0.0625,0
56+,80184.0,19.0,1.8961,1,3.0,0.4,0.0526,0
46-55,30630.0,5.0,0.4503,0,7.0,0.0,0.4,0
26-35,73454.0,12.0,1.1975,1,5.0,0.2,0.0833,0
18-25,42691.0,12.0,0.7276,0,5.0,0.0,0.0833,0
56+,70503.0,15.0,0.5554,1,6.0,0.4,0.0667,0
26-35,25545.0,7.0,0.2524,0,6.0,0.0,0.4286,1
26-35,32880.0,4.0,0.1608,0,8.0,0.0,0.25,0
56+,77863.0,19.0,1.4494,0,2.0,0.0,0.0526,0
36-45,50353.0,14.0,2.0686,0,3.0,0.0,0.0714,0
46-55,61839.0,16.0,0.5591,0,8.0,0.0,0.0625,0
46-55,49154.0,13.0,0.9354,0,6.0,0.0,0.4615,0
36-45,47682.0,15.0,0.6675,0,5.0,0.0,0.2667,0
36-45,72679.0,16.0,1.0384,0,1.0,0.0,0.0625,0
36-45,57954.0,16.0,2.4847,1,7.0,0.2,0.4375,0
46-55,65316.0,10.0,0.4941,0,4.0,0.0,0.2,0
26-35,28567.0,5.0,0.2708,0,6.0,0.0,0.4,0
56+,47352.0,12.0,0.5807,0,7.0,0.0,0.3333,0
46-55,44931.0,6.0,0.5263,0,5.0,0.0,0.1667,0
46-55,76982.0,15.0,1.4312,1,4.0,0.2,0.0667,1
56+,57247.0,10.0,0.5968,0,2.0,0.0,0.2,0
26-35,22944.0,6.0,0.4896,0,7.0,0.0,0.5,0
36-45,25315.0,6.0,0.4359,0,8.0,0.0,0.5,0
36-45,43638.0,9.0,0.3124,0,7.0,0.0,0.2222,0
26-35,42710.0,12.0,0.4787,0,6.0,0.0,0.1667,0
26-35,84169.0,19.0,1.1317,1,3.0,0.4,0.0526,1
36-45,54058.0,18.0,0.9528,0,3.0,0.0,0.1111,0
18-25,24683.0,6.0,0.6128,0,5.0,0.0,0.3333,0
46-55,85620.0,13.0,1.1053,0,1.0,0.0,0.0769,1
26-35,47850.0,7.0,0.5421,0,6.0,0.0,0.1429,0
46-55,19514.0,6.0,0.5387,1,8.0,0.2,0.6667,1
36-45,27159.0,4.0,0.4395,0,6.0,0.0,0.5,0
46-55,39548.0,5.0,0.5534,0,3.0,0.0,0.4,0
18-25,21474.0,6.0,0.684,1,7.0,0.2,0.3333,1
36-45,60504.0,16.0,1.4893,0,6.0,0.0,0.125,0
46-55,22419.0,7.0,0.3425,0,8.0,0.0,0.1429,0
56+,81698.0,24.0,1.7393,0,1.0,0.0,0.0417,1
56+,43462.0,10.0,0.3624,0,8.0,0.0,0.6,0
36-45,54880.0,19.0,0.8632,0,5.0,0.0,0.1053,0
26-35,79908.0,18.0,0.8628,1,2.0,0.2,0.0556,0
36-45,15315.0,6.0,0.3546,0,5.0,0.0,0.3333,0
46-55,87771.0,19.0,0.9835,1,6.0,0.8,0.0526,1
36-45,33039.0,6.0,0.3821,0,5.0,0.0,0.1667,0
26-35,81741.0,19.0,1.0272,0,2.0,0.0,0.0,0
36-45,71499.0,24.0,1.3186,0,4.0,0.0,0.0833,0
36-45,62466.0,21.0,1.8262,0,4.0,0.0,0.2381,0
46-55,48799.0,12.0,0.8676,0,3.0,0.0,0.25,0
56+,52157.0,10.0,1.4704,0,4.0,0.0,0.2,0
46-55,66565.0,15.0,0.6039,0,8.0,0.0,0.2667,0
56+,29298.0,3.0,0.1902,0,5.0,0.0,0.3333,0
26-35,47691.0,3.0,0.1679,0,6.0,0.0,0.3333,0
36-45,38200.0,3.0,0.1211,0,7.0,0.0,0.3333,0
36-45,44989.0,11.0,0.3986,0,6.0,0.0,0.4545,0
46-55,38443.0,4.0,0.3602,0,7.0,0.0,0.5,0
36-45,38593.0,8.0,0.5137,0,8.0,0.0,0.375,0
36-45,64413.0,11.0,0.6476,0,5.0,0.0,0.0909,0
26-35,36959.0,5.0,0.3345,0,8.0,0.0,0.4,0
36-45,61996.0,18.0,0.7838,1,5.0,0.6,0.1667,1
46-55,51287.0,8.0,0.8887,0,7.0,0.0,0.375,0
36-45,13260.0,6.0,0.3689,0,8.0,0.0,0.6667,0
46-55,47472.0,6.0,0.3877,0,5.0,0.0,0.3333,0
56+,54603.0,10.0,0.5637,0,7.0,0.0,0.6,0
36-45,45207.0,10.0,0.3897,1,6.0,0.2,0.5,0
56+,40689.0,13.0,0.606,0,8.0,0.0,0.5385,0
46-55,47821.0,4.0,0.2786,0,8.0,0.0,0.25,0
56+,27450.0,6.0,0.2922,0,7.0,0.0,0.1667,0
26-35,39453.0,5.0,0.5595,0,6.0,0.0,0.4,0
36-45,26850.0,7.0,0.829,0,4.0,0.0,0.5714,0
56+,79800.0,21.0,0.771,1,3.0,0.6,0.0476,1
46-55,61794.0,18.0,1.1583,0,2.0,0.0,0.1111,0
56+,53863.0,15.0,2.0025,1,7.0,0.2,0.2,0
46-55,24221.0,5.0,0.3056,0,4.0,0.0,0.2,0
26-35,39684.0,5.0,0.1879,0,7.0,0.0,0.4,1
36-45,92163.0,21.0,0.8534,1,2.0,0.4,0.0,1
46-55,69882.0,19.0,1.3902,0,1.0,0.0,0.0526,0
36-45,33178.0,4.0,0.3634,0,4.0,0.0,0.25,0
36-45,59973.0,14.0,0.8952,0,1.0,0.0,0.0714,0
36-45,17459.0,6.0,0.3902,0,7.0,0.0,0.5,1
36-45,23910.0,5.0,0.1912,0,7.0,0.0,0.2,0
36-45,42169.0,4.0,0.278,0,8.0,0.0,0.5,0
36-45,26224.0,6.0,0.3176,0,6.0,0.0,0.5,0
26-35,31089.0,7.0,0.246,0,8.0,0.0,0.4286,0
46-55,30081.0,4.0,0.1796,0,7.0,0.0,0.25,0
46-55,62807.0,20.0,0.7145,0,5.0,0.0,0.15,0
56+,72906.0,16.0,1.0362,0,1.0,0.0,0.0625,0
56+,61467.0,17.0,0.6881,0,5.0,0.0,0.1765,0
46-55,49618.0,7.0,0.3026,0,7.0,0.0,0.5714,0
26-35,21888.0,8.0,0.3327,0,10.0,0.0,0.5,1
36-45,42429.0,5.0,0.4712,0,5.0,0.0,0.4,0
56+,26150.0,4.0,0.1845,0,7.0,0.0,0.25,0
36-45,30801.0,4.0,0.153,0,7.0,0.0,0.5,0
46-55,81168.0,17.0,2.1741,1,3.0,0.2,0.0588,0
36-45,26877.0,10.0,0.61,0,6.0,0.0,0.2,0
56+,45006.0,11.0,0.6305,0,3.0,0.0,0.0909,0
36-45,18978.0,4.0,0.1623,0,8.0,0.0,0.25,0
46-55,22574.0,5.0,0.3547,0,7.0,0.0,0.4,0
36-45,48240.0,22.0,0.8563,0,5.0,0.0,0.1364,1
36-45,45837.0,13.0,0.7566,0,7.0,0.0,0.3846,0
46-55,35791.0,4.0,0.2016,0,8.0,0.0,0.5,0
36-45,162397.0,1.0,0.0528,0,1.0,0.0,0.0,0
36-45,54162.0,4.0,0.1864,0,4.0,0.0,0.25,0
46-55,30522.0,12.0,0.4218,0,2.0,0.0,0.4167,0
46-55,54456.0,14.0,0.7921,0,6.0,0.0,0.2143,0
36-45,31632.0,5.0,0.2845,0,7.0,0.0,0.2,0
56+,72298.0,13.0,1.3368,1,1.0,0.4,0.0769,0
36-45,36975.0,4.0,0.3308,0,7.0,0.0,0.25,0
56+,72635.0,20.0,1.0569,1,3.0,0.2,0.05,0
36-45,13624.0,5.0,0.2143,0,6.0,0.0,0.4,0
36-45,84196.0,19.0,1.004,0,3.0,0.0,0.0526,0
46-55,70971.0,27.0,0.9889,0,7.0,0.0,0.2593,1
36-45,34487.0,6.0,0.2159,0,9.0,0.0,0.5,0
36-45,28769.0,9.0,0.3687,0,9.0,0.0,0.3333,0
36-45,69084.0,23.0,1.7201,0,8.0,0.0,0.087,0
56+,65488.0,13.0,1.9686,0,1.0,0.0,0.0769,0
36-45,62466.0,21.0,1.8262,0,4.0,0.0,0.2381,0
46-55,32218.0,6.0,0.5725,1,7.0,0.2,0.1667,1
36-45,83917.0,20.0,0.9787,0,3.0,0.0,0.05,1
46-55,46102.0,3.0,0.3085,0,7.0,0.0,0.3333,0
56+,84574.0,31.0,1.641,0,5.0,0.0,0.0323,0
46-55,56181.0,13.0,0.548,0,4.0,0.0,0.0769,0
56+,63120.0,21.0,0.7757,0,7.0,0.0,0.2381,1
36-45,73691.0,16.0,1.1595,1,2.0,0.2,0.125,0
46-55,63381.0,22.0,0.8196,0,2.0,0.0,0.1818,0
56+,76140.0,20.0,2.6239,0,2.0,0.0,0.05,0
46-55,62859.0,19.0,0.7911,0,6.0,0.0,0.2105,0
46-55,45906.0,13.0,0.6562,1,5.0,0.2,0.1538,0
56+,77632.0,12.0,0.5526,1,2.0,0.4,0.0833,1
36-45,46463.0,10.0,0.6088,0,6.0,0.0,0.7,0
36-45,105471.0,30.0,1.2879,1,3.0,0.4,0.0,1
36-45,55282.0,10.0,0.7947,0,4.0,0.0,0.1,0
36-45,78710.0,25.0,3.4276,0,4.0,0.0,0.12,0
56+,66886.0,15.0,0.9693,0,5.0,0.0,0.1333,0
46-55,98777.0,19.0,1.8243,1,1.0,0.2,0.0,0
26-35,29103.0,4.0,0.1422,0,9.0,0.0,0.5,0
36-45,67445.0,27.0,0.9435,0,6.0,0.0,0.1852,0
56+,50616.0,6.0,0.697,0,2.0,0.0,0.1667,0
56+,49431.0,13.0,0.4496,0,8.0,0.0,0.1538,0
36-45,153924.0,0.0,0.0,0,0.0,0.0,0.0,0
56+,61278.0,8.0,0.6745,0,6.0,0.0,0.25,0
56+,26490.0,9.0,0.33,0,6.0,0.0,0.2222,0
56+,73059.0,25.0,1.5625,0,4.0,0.0,0.04,0
46-55,46734.0,8.0,0.5585,1,6.0,0.2,0.5,0
46-55,56253.0,18.0,0.7266,0,6.0,0.0,0.2222,0
26-35,19986.0,3.0,0.2216,0,7.0,0.0,0.3333,0
36-45,58330.0,23.0,1.887,0,4.0,0.0,0.0435,0
26-35,25965.0,5.0,0.1801,0,8.0,0.0,0.2,0
56+,14661.0,4.0,0.167,0,6.0,0.0,0.25,0
46-55,18690.0,4.0,0.1661,0,8.0,0.0,0.25,0
36-45,45068.0,3.0,0.1537,0,7.0,0.0,0.3333,0
26-35,21063.0,5.0,0.3294,0,6.0,0.0,0.4,0
46-55,29187.0,4.0,0.2026,0,8.0,0.0,0.25,0
36-45,54690.0,9.0,0.6538,0,3.0,0.0,0.3333,0
46-55,59304.0,25.0,1.4633,0,5.0,0.0,0.12,0
46-55,59247.0,16.0,1.1651,0,6.0,0.0,0.3125,0
36-45,66731.0,13.0,0.4711,0,3.0,0.0,0.3077,0
26-35,77353.0,18.0,1.4418,0,4.0,0.0,0.1111,0
36-45,52614.0,14.0,0.5607,0,8.0,0.0,0.1429,0
36-45,26751.0,3.0,0.4095,0,8.0,0.0,0.3333,0
46-55,81300.0,18.0,0.6918,1,5.0,0.2,0.1667,1
26-35,70337.0,16.0,1.3416,0,1.0,0.0,0.0625,0
26-35,36145.0,8.0,0.4325,1,9.0,0.2,0.5,1
26-35,65295.0,19.0,1.5504,0,2.0,0.0,0.0526,0
46-55,68118.0,21.0,1.456,0,6.0,0.0,0.0952,0
46-55,68743.0,29.0,1.0348,0,7.0,0.0,0.0345,0
26-35,41039.0,14.0,0.8132,0,8.0,0.0,0.0714,0
56+,38946.0,10.0,0.7029,0,5.0,0.0,0.2,0
46-55,65777.0,16.0,1.2918,0,1.0,0.0,0.0625,0
36-45,66476.0,18.0,0.8251,0,4.0,0.0,0.1111,0
36-45,86857.0,21.0,0.7609,0,2.0,0.0,0.0476,1
26-35,160803.0,29.0,1.0042,0,0.0,0.0,0.5172,0
18-25,77845.0,20.0,2.6583,1,1.0,0.4,0.05,0
36-45,69476.0,14.0,0.9324,0,2.0,0.0,0.0714,0
46-55,50611.0,16.0,0.5954,1,6.0,0.2,0.375,1
36-45,61209.0,12.0,0.7409,0,2.0,0.0,0.0833,0
56+,42315.0,9.0,0.5101,0,3.0,0.0,0.3333,0
56+,13084.0,4.0,0.2871,0,6.0,0.0,0.25,0
56+,47570.0,6.0,0.3143,0,7.0,0.0,0.5,1
46-55,61923.0,7.0,0.4074,0,3.0,0.0,0.1429,0
18-25,34824.0,3.0,0.3261,0,6.0,0.0,0.3333,0
56+,26518.0,5.0,0.2408,0,8.0,0.0,0.6,1
46-55,45938.0,18.0,1.2952,0,6.0,0.0,0.1111,0
46-55,78468.0,27.0,3.0895,1,4.0,0.2,0.037,0
36-45,78901.0,17.0,1.1009,0,4.0,0.0,0.1765,0
36-45,71427.0,18.0,1.8635,0,4.0,0.0,0.1111,0
36-45,71022.0,18.0,1.6962,1,8.0,0.2,0.1667,0
26-35,90247.0,14.0,1.7322,1,1.0,0.6,0.0714,1
46-55,41335.0,9.0,0.7404,0,7.0,0.0,0.3333,0
26-35,71952.0,20.0,0.8455,1,4.0,0.4,0.1,0
36-45,35682.0,5.0,0.8138,0,2.0,0.0,0.2,0
56+,43185.0,18.0,0.8696,0,8.0,0.0,0.1111,0
56+,66375.0,11.0,0.8267,1,7.0,0.2,0.2727,0
36-45,35178.0,4.0,0.1691,1,7.0,0.2,0.25,1
26-35,25252.0,3.0,0.17,0,8.0,0.0,0.3333,0
46-55,55250.0,22.0,0.836,0,5.0,0.0,0.1818,0
36-45,33249.0,6.0,0.269,0,6.0,0.0,0.3333,0
56+,58398.0,17.0,0.8682,0,4.0,0.0,0.1765,0
26-35,50272.0,10.0,0.5956,0,7.0,0.0,0.3,0
36-45,76618.0,10.0,0.4037,0,1.0,0.0,0.1,0
46-55,87305.0,16.0,0.5875,1,2.0,0.2,0.0625,1
36-45,25851.0,5.0,0.2212,0,7.0,0.0,0.4,0
36-45,58710.0,25.0,1.189,0,6.0,0.0,0.24,0
56+,45160.0,3.0,0.3296,0,7.0,0.0,0.3333,0
46-55,74806.0,14.0,0.5743,0,4.0,0.0,0.1429,0
56+,59111.0,20.0,1.0012,0,7.0,0.0,0.05,0
26-35,18988.0,4.0,0.5484,0,7.0,0.0,0.5,0
46-55,72190.0,15.0,0.6655,0,3.0,0.0,0.0667,0
36-45,7500.0,7.0,0.2416,1,9.0,0.2,0.7143,1
46-55,44794.0,5.0,0.7388,0,6.0,0.0,0.2,0
56+,80395.0,23.0,1.7371,1,2.0,0.2,0.0435,0
36-45,75012.0,22.0,1.9695,0,1.0,0.0,0.0455,0
46-55,56962.0,14.0,0.9554,0,7.0,0.0,0.5,0
18-25,89891.0,25.0,1.2175,1,4.0,0.2,0.04,0
56+,35946.0,3.0,0.1985,0,5.0,0.0,0.3333,0
56+,53593.0,15.0,0.5212,0,8.0,0.0,0.5333,0
36-45,66373.0,16.0,0.8589,0,3.0,0.0,0.4375,0
56+,45072.0,11.0,0.7592,0,8.0,0.0,0.4545,0
36-45,89694.0,11.0,0.7473,1,5.0,0.6,0.2727,0
56+,72025.0,25.0,3.0932,1,2.0,0.6,0.04,1
36-45,67432.0,17.0,0.806,0,4.0,0.0,0.1176,0
56+,70545.0,12.0,1.731,0,2.0,0.0,0.0833,0
18-25,17487.0,3.0,0.1398,0,7.0,0.0,0.3333,0
36-45,62882.0,18.0,0.6269,0,4.0,0.0,0.1111,0
56+,64108.0,26.0,1.2213,0,5.0,0.0,0.1538,0
56+,34941.0,6.0,0.2746,0,8.0,0.0,0.3333,0
56+,48767.0,6.0,0.5017,0,5.0,0.0,0.5,0
36-45,38702.0,7.0,0.4121,0,6.0,0.0,0.2857,0
46-55,82224.0,20.0,1.7904,1,3.0,0.2,0.05,0
56+,83844.0,19.0,0.9671,1,1.0,0.2,0.0526,0
36-45,17003.0,6.0,0.4719,0,5.0,0.0,0.5,0
18-25,71163.0,23.0,2.3571,0,1.0,0.0,0.0435,0
36-45,33697.0,3.0,0.1935,1,7.0,0.2,0.3333,0
56+,63564.0,27.0,2.4459,1,6.0,0.2,0.037,1
36-45,83443.0,21.0,1.7512,0,2.0,0.0,0.0476,0
56+,51518.0,15.0,1.0056,0,3.0,0.0,0.1333,0
36-45,58330.0,23.0,1.887,0,4.0,0.0,0.0435,0
36-45,80952.0,24.0,1.0887,1,8.0,0.6,0.0417,1
26-35,75507.0,20.0,2.5051,0,3.0,0.0,0.05,0
36-45,63855.0,23.0,1.0146,0,4.0,0.0,0.0435,0
36-45,62220.0,18.0,0.6283,0,6.0,0.0,0.2778,1
46-55,58512.0,15.0,0.9756,0,8.0,0.0,0.3333,0
26-35,40662.0,6.0,0.2784,0,4.0,0.0,0.3333,0
46-55,38829.0,7.0,0.7921,0,5.0,0.0,0.1429,0
26-35,35523.0,6.0,0.4023,0,7.0,0.0,0.3333,0
46-55,79146.0,17.0,2.0615,0,6.0,0.0,0.1176,0
26-35,78285.0,20.0,1.419,0,3.0,0.0,0.05,0
36-45,31626.0,5.0,0.2536,1,7.0,0.2,0.2,1
56+,75127.0,18.0,2.4568,0,1.0,0.0,0.0556,0
56+,48726.0,9.0,0.4469,0,6.0,0.0,0.3333,0
36-45,74985.0,16.0,0.5791,0,2.0,0.0,0.0625,0
26-35,67430.0,28.0,1.0062,0,6.0,0.0,0.0357,0
46-55,46891.0,7.0,0.4384,0,4.0,0.0,0.1429,0
56+,62058.0,14.0,0.7297,0,6.0,0.0,0.2857,0
26-35,72063.0,19.0,1.0592,0,2.0,0.0,0.1053,0
56+,78939.0,19.0,1.506,0,3.0,0.0,0.0526,0
46-55,42720.0,17.0,0.84,0,8.0,0.0,0.4706,1
36-45,33622.0,6.0,0.2913,0,7.0,0.0,0.5,0
56+,6835.0,1.0,0.0404,0,20.0,0.0,0.0,0
56+,41452.0,3.0,0.1373,0,7.0,0.0,0.3333,0
46-55,40760.0,6.0,0.3742,0,6.0,0.0,0.3333,0
56+,74250.0,17.0,1.5264,0,1.0,0.0,0.0588,0
56+,51124.0,4.0,0.3221,0,3.0,0.0,0.5,0
36-45,72258.0,20.0,1.2816,0,2.0,0.0,0.1,0
36-45,71466.0,18.0,2.0292,0,1.0,0.0,0.0556,0
36-45,36283.0,4.0,0.4665,0,4.0,0.0,0.5,0
36-45,20587.0,4.0,0.5203,0,7.0,0.0,0.25,0
36-45,30467.0,3.0,0.3182,0,7.0,0.0,0.3333,0
36-45,31590.0,4.0,0.217,0,8.0,0.0,0.25,0
26-35,20425.0,5.0,0.1919,0,7.0,0.0,0.4,0
46-55,17144.0,7.0,0.6679,0,7.0,0.0,0.7143,0
46-55,42564.0,18.0,0.7526,1,7.0,0.2,0.3333,1
36-45,43783.0,16.0,2.2546,1,7.0,0.2,0.375,0
36-45,40780.0,13.0,0.4688,0,9.0,0.0,0.3077,0
56+,62847.0,13.0,0.5534,0,2.0,0.0,0.0769,0
56+,82017.0,16.0,0.6212,1,2.0,0.6,0.0625,1
56+,16813.0,5.0,0.2871,1,7.0,0.2,0.2,0
36-45,51267.0,11.0,0.7823,0,4.0,0.0,0.3636,0
46-55,46524.0,7.0,0.3355,0,3.0,0.0,0.2857,0
46-55,45183.0,12.0,0.5144,1,7.0,0.2,0.0833,0
56+,70421.0,20.0,3.2728,0,6.0,0.0,0.15,0
46-55,60161.0,23.0,0.8762,0,8.0,0.0,0.1304,0
36-45,73926.0,23.0,1.0464,0,3.0,0.0,0.0435,0
46-55,19329.0,7.0,0.5578,0,8.0,0.0,0.4286,0
36-45,61872.0,17.0,1.351,0,4.0,0.0,0.2353,0
56+,46984.0,4.0,0.1888,0,5.0,0.0,0.25,0
56+,34838.0,7.0,0.2997,0,6.0,0.0,0.4286,0
56+,82716.0,27.0,1.952,0,2.0,0.0,0.037,0
56+,48192.0,22.0,1.0562,1,8.0,0.6,0.1364,1
36-45,49681.0,15.0,1.0819,0,7.0,0.0,0.4,0
36-45,56850.0,5.0,0.5378,0,2.0,0.0,0.2,0
56+,55267.0,13.0,0.9075,0,3.0,0.0,0.3077,0
36-45,59666.0,13.0,0.6097,1,8.0,0.2,0.5385,0
36-45,72504.0,20.0,0.9602,0,2.0,0.0,0.1,0
26-35,26872.0,4.0,0.2761,0,6.0,0.0,0.25,0
36-45,21359.0,5.0,0.2455,0,8.0,0.0,0.4,1
36-45,73170.0,15.0,2.1335,0,2.0,0.0,0.0667,0
56+,52750.0,21.0,0.9197,0,4.0,0.0,0.2857,0
26-35,91820.0,22.0,1.6616,0,1.0,0.0,0.0,0
36-45,65968.0,16.0,2.0901,0,3.0,0.0,0.125,0
36-45,30772.0,3.0,0.3106,0,6.0,0.0,0.3333,0
56+,22507.0,16.0,0.6349,0,9.0,0.0,0.1875,0
36-45,65685.0,20.0,2.1977,0,5.0,0.0,0.05,0
36-45,25804.0,5.0,0.3131,0,8.0,0.0,0.4,0
26-35,76412.0,17.0,0.8553,1,3.0,0.4,0.0588,1
36-45,22063.0,5.0,0.2984,0,7.0,0.0,0.4,0
46-55,57091.0,17.0,2.6002,1,5.0,0.2,0.0588,1
46-55,22419.0,7.0,0.3425,0,8.0,0.0,0.1429,0
46-55,87771.0,19.0,0.9835,1,6.0,0.8,0.0526,1
46-55,78353.0,23.0,1.1219,0,8.0,0.0,0.0435,0
56+,93404.0,14.0,0.7067,1,5.0,0.4,0.2143,0
46-55,37859.0,4.0,0.1696,0,8.0,0.0,0.5,0
56+,80995.0,21.0,1.0671,0,4.0,0.0,0.0476,0
26-35,16529.0,4.0,0.3992,0,6.0,0.0,0.25,0
36-45,55412.0,5.0,0.3767,0,5.0,0.0,0.2,0
18-25,48789.0,17.0,0.6145,0,6.0,0.0,0.0588,0
46-55,56575.0,17.0,0.8553,0,5.0,0.0,0.1765,0
26-35,25130.0,5.0,0.3345,0,7.0,0.0,0.4,0
46-55,35441.0,4.0,0.1777,0,8.0,0.0,0.5,0
56+,71391.0,23.0,1.0904,0,3.0,0.0,0.2174,0
36-45,49494.0,12.0,0.5939,0,7.0,0.0,0.1667,0
26-35,81702.0,26.0,0.9546,0,3.0,0.0,0.0385,0
26-35,45889.0,4.0,0.2226,0,6.0,0.0,0.25,0
36-45,56628.0,18.0,1.9224,1,5.0,0.2,0.1111,0
56+,34026.0,6.0,0.356,0,5.0,0.0,0.5,0
36-45,40049.0,11.0,0.4394,0,5.0,0.0,0.2727,0
26-35,34176.0,7.0,0.9144,0,6.0,0.0,0.5714,0
26-35,19419.0,7.0,0.2728,0,9.0,0.0,0.5714,0
46-55,82504.0,16.0,0.933,0,1.0,0.0,0.0625,0
36-45,81205.0,18.0,1.5565,1,2.0,0.6,0.0556,1
18-25,61618.0,17.0,0.6287,0,3.0,0.0,0.1176,0
56+,55284.0,20.0,0.826,0,5.0,0.0,0.15,0
46-55,49980.0,9.0,0.6312,0,5.0,0.0,0.2222,0
26-35,15072.0,7.0,0.3551,0,5.0,0.0,0.5714,0
36-45,49166.0,11.0,0.5915,0,6.0,0.0,0.1818,0
56+,65324.0,17.0,1.4617,0,4.0,0.0,0.1765,0
56+,82347.0,24.0,0.9306,1,3.0,0.4,0.0417,0
46-55,30843.0,4.0,0.5559,1,5.0,0.2,0.5,0
36-45,46374.0,15.0,1.5798,1,8.0,0.4,0.2,1
26-35,60474.0,24.0,1.1432,0,7.0,0.0,0.2917,0
36-45,38576.0,4.0,0.4031,0,7.0,0.0,0.25,0
26-35,55357.0,19.0,0.8505,0,5.0,0.0,0.1579,0
46-55,37758.0,4.0,0.1488,0,8.0,0.0,0.5,0
18-25,85710.0,25.0,1.2577,1,2.0,0.2,0.04,0
36-45,23228.0,5.0,0.4489,0,8.0,0.0,0.4,0
36-45,44602.0,11.0,1.0496,0,8.0,0.0,0.5455,0
26-35,7500.0,3.0,0.1266,0,6.0,0.0,0.3333,0
18-25,38683.0,11.0,0.4093,0,7.0,0.0,0.5455,0
36-45,49514.0,11.0,0.8834,0,7.0,0.0,0.1818,0
36-45,57906.0,14.0,0.7502,0,4.0,0.0,0.2143,0
46-55,43456.0,14.0,0.6607,0,5.0,0.0,0.2143,0
26-35,19485.0,3.0,0.1972,0,7.0,0.0,0.3333,0
36-45,53172.0,13.0,0.6551,0,3.0,0.0,0.2308,0
26-35,30545.0,5.0,0.1891,0,7.0,0.0,0.4,0
26-35,70123.0,16.0,1.061,1,3.0,0.4,0.0625,0
46-55,62450.0,14.0,1.187,1,3.0,0.2,0.1429,0
36-45,21675.0,7.0,1.0496,0,7.0,0.0,0.4286,0
26-35,42395.0,8.0,0.8985,0,7.0,0.0,0.5,0
36-45,61346.0,22.0,1.4848,0,3.0,0.0,0.0455,0
56+,80812.0,17.0,1.1009,1,2.0,0.6,0.0588,0
36-45,42835.0,16.0,0.8871,0,6.0,0.0,0.4375,0
26-35,39922.0,7.0,0.311,0,8.0,0.0,0.2857,0
56+,86424.0,27.0,3.0438,0,1.0,0.0,0.037,0
36-45,17117.0,7.0,0.2988,0,9.0,0.0,0.5714,0
36-45,24762.0,6.0,0.5637,1,8.0,0.2,0.5,1
36-45,35797.0,5.0,0.1888,0,8.0,0.0,0.4,0
36-45,36627.0,3.0,0.1736,0,5.0,0.0,0.3333,0
26-35,51111.0,5.0,0.7804,0,6.0,0.0,0.4,0
36-45,86857.0,21.0,0.7609,0,2.0,0.0,0.0476,1
36-45,82072.0,18.0,1.0016,0,1.0,0.0,0.0556,0
56+,46231.0,11.0,0.4377,0,9.0,0.0,0.3636,0
46-55,42243.0,5.0,0.3953,0,7.0,0.0,0.4,0
46-55,51195.0,16.0,0.7621,0,8.0,0.0,0.5,0
36-45,68092.0,18.0,1.4418,0,5.0,0.0,0.1111,0
36-45,31814.0,5.0,0.2206,1,9.0,0.2,0.4,0
46-55,51390.0,12.0,0.4328,0,5.0,0.0,0.5,0
26-35,76630.0,24.0,2.0812,0,1.0,0.0,0.0417,0
18-25,26868.0,3.0,0.3727,0,7.0,0.0,0.3333,0
56+,48948.0,22.0,0.9593,1,6.0,0.2,0.0909,1
36-45,55260.0,23.0,0.9347,0,6.0,0.0,0.087,0
56+,64090.0,19.0,1.1317,0,5.0,0.0,0.0526,1
56+,78331.0,23.0,2.047,0,4.0,0.0,0.087,0
36-45,37087.0,14.0,0.8405,0,6.0,0.0,0.2143,0
26-35,21846.0,7.0,0.4898,0,8.0,0.0,0.5714,0
56+,81320.0,17.0,0.7467,0,2.0,0.0,0.0588,0
36-45,54137.0,9.0,0.5457,0,6.0,0.0,0.2222,0
46-55,66825.0,15.0,0.8534,0,2.0,0.0,0.0667,0
36-45,57100.0,12.0,0.9318,0,3.0,0.0,0.0833,0
36-45,58917.0,11.0,0.5175,0,5.0,0.0,0.4545,0
36-45,85072.0,17.0,1.9453,0,0.0,0.0,0.0588,0
46-55,86429.0,18.0,1.3528,1,2.0,0.2,0.0,1
36-45,45684.0,3.0,0.2318,0,7.0,0.0,0.3333,0
36-45,47889.0,5.0,0.4216,0,5.0,0.0,0.2,0
26-35,45921.0,9.0,0.9255,0,4.0,0.0,0.1111,0
46-55,78420.0,21.0,1.1622,0,1.0,0.0,0.0476,0
18-25,75114.0,18.0,1.3076,0,2.0,0.0,0.0556,0
46-55,52278.0,25.0,1.0793,0,8.0,0.0,0.24,1
36-45,35641.0,8.0,0.4551,0,7.0,0.0,0.25,1
18-25,95529.0,17.0,0.6826,1,3.0,0.2,0.0588,1
56+,62820.0,13.0,0.6606,0,1.0,0.0,0.0769,0
46-55,73113.0,14.0,1.1517,0,2.0,0.0,0.0714,0
26-35,84169.0,19.0,1.1317,1,3.0,0.4,0.0526,1
56+,42607.0,12.0,0.893,0,3.0,0.0,0.1667,0
56+,74637.0,24.0,1.234,1,3.0,0.2,0.0417,0
56+,46015.0,4.0,0.4647,1,7.0,0.4,0.25,0
18-25,72354.0,18.0,0.8794,0,1.0,0.0,0.0556,0
36-45,39858.0,6.0,0.2587,0,6.0,0.0,0.1667,1
56+,34469.0,6.0,0.7578,0,4.0,0.0,0.5,0
26-35,83033.0,25.0,3.3521,1,5.0,0.2,0.04,0
26-35,24401.0,13.0,0.4644,0,8.0,0.0,0.2308,0
36-45,77583.0,18.0,1.691,1,2.0,0.2,0.0556,0
26-35,74116.0,18.0,1.4969,1,2.0,0.2,0.0556,0
18-25,74293.0,15.0,1.8945,0,2.0,0.0,0.0667,0
36-45,68397.0,20.0,1.4884,0,3.0,0.0,0.05,0
36-45,79632.0,19.0,2.166,0,2.0,0.0,0.0526,0
18-25,46107.0,6.0,0.5637,0,3.0,0.0,0.1667,0
56+,64950.0,23.0,0.8037,1,7.0,0.2,0.087,0
18-25,25443.0,4.0,0.1647,0,8.0,0.0,0.25,0
56+,75127.0,18.0,2.4568,0,1.0,0.0,0.0556,0
36-45,32892.0,6.0,0.8301,0,8.0,0.0,0.3333,0
36-45,71796.0,16.0,1.1247,0,4.0,0.0,0.0625,0
36-45,67536.0,27.0,1.3976,1,8.0,0.2,0.1111,0
36-45,55239.0,23.0,1.3085,0,5.0,0.0,0.1304,0
36-45,60554.0,21.0,1.2558,0,6.0,0.0,0.0952,0
56+,64831.0,14.0,0.7489,0,6.0,0.0,0.5714,0
46-55,56067.0,18.0,1.0357,0,5.0,0.0,0.1111,0
26-35,82025.0,11.0,0.5753,1,1.0,0.2,0.0909,1
56+,94384.0,18.0,0.8214,1,2.0,0.6,0.0,1
26-35,14906.0,6.0,0.2471,0,7.0,0.0,0.5,0
26-35,51563.0,18.0,0.6673,1,8.0,0.4,0.0556,0
26-35,57937.0,17.0,1.6272,0,3.0,0.0,0.1765,0
26-35,68274.0,11.0,0.7326,0,3.0,0.0,0.1818,0
36-45,39771.0,5.0,0.3902,0,4.0,0.0,0.2,0
36-45,67893.0,14.0,0.519,0,8.0,0.0,0.1429,0
26-35,27922.0,5.0,0.6476,0,4.0,0.0,0.2,0
36-45,52190.0,6.0,0.7706,1,5.0,0.2,0.5,0
36-45,44051.0,8.0,0.3474,0,6.0,0.0,0.5,1
36-45,42767.0,6.0,0.3049,0,8.0,0.0,0.1667,0
36-45,46106.0,4.0,0.5203,0,6.0,0.0,0.25,0
36-45,16927.0,7.0,0.3092,0,8.0,0.0,0.7143,0
46-55,59754.0,13.0,0.5206,0,5.0,0.0,0.2308,1
56+,53700.0,18.0,0.6327,0,5.0,0.0,0.2222,0
36-45,59041.0,6.0,0.7673,0,5.0,0.0,0.3333,0
56+,54237.0,12.0,0.5958,0,6.0,0.0,0.3333,0
46-55,70647.0,24.0,0.8791,0,2.0,0.0,0.0833,0
46-55,52597.0,17.0,2.1741,0,5.0,0.0,0.1765,0
36-45,41021.0,5.0,0.2082,0,6.0,0.0,0.4,1
36-45,40233.0,8.0,0.5497,0,6.0,0.0,0.625,0
26-35,50183.0,10.0,1.6104,0,5.0,0.0,0.7,0
46-55,54753.0,18.0,1.1534,0,4.0,0.0,0.1667,0
36-45,92955.0,22.0,1.3419,1,2.0,0.4,0.0455,1
36-45,33471.0,7.0,0.263,0,7.0,0.0,0.4286,0
36-45,34596.0,3.0,0.1456,0,8.0,0.0,0.3333,1
26-35,44010.0,18.0,0.6772,0,9.0,0.0,0.3333,0
26-35,84219.0,17.0,1.5585,0,1.0,0.0,0.0588,0
46-55,40706.0,7.0,0.2988,0,7.0,0.0,0.5714,0
26-35,15716.0,7.0,0.2735,0,8.0,0.0,0.4286,0
46-55,59052.0,15.0,1.1163,0,5.0,0.0,0.2,0
36-45,80573.0,23.0,0.8664,0,2.0,0.0,0.0435,0
46-55,83715.0,23.0,2.115,0,0.0,0.0,0.0435,0
46-55,82576.0,18.0,0.6212,1,1.0,0.2,0.0556,0
46-55,56962.0,14.0,0.9554,0,7.0,0.0,0.5,0
56+,35704.0,6.0,0.5045,0,4.0,0.0,0.5,0
56+,53103.0,23.0,1.4738,1,7.0,0.2,0.2174,0
46-55,46779.0,3.0,0.17,0,4.0,0.0,0.3333,0
46-55,4861.0,0.0,0.0,0,14.0,0.0,0.0,0
26-35,33462.0,5.0,0.2978,0,7.0,0.0,0.2,0
36-45,63693.0,26.0,1.7864,0,6.0,0.0,0.1154,0
56+,80763.0,22.0,1.3313,1,3.0,0.4,0.0455,1
36-45,65352.0,14.0,0.8574,0,4.0,0.0,0.1429,0
36-45,82170.0,18.0,1.3663,0,2.0,0.0,0.0556,0
36-45,75759.0,25.0,1.7614,1,5.0,0.6,0.04,1
36-45,79689.0,26.0,1.3234,0,2.0,0.0,0.0385,0
56+,35340.0,5.0,0.8226,0,5.0,0.0,0.4,0
56+,85683.0,16.0,1.7088,1,1.0,0.8,0.0625,1
36-45,24884.0,3.0,0.1198,0,7.0,0.0,0.3333,0
26-35,42021.0,17.0,0.6073,1,9.0,0.2,0.2941,0
18-25,64449.0,20.0,1.9264,0,4.0,0.0,0.2,0
56+,64587.0,6.0,0.9512,0,3.0,0.0,0.3333,0
18-25,34824.0,3.0,0.3261,0,6.0,0.0,0.3333,0
36-45,75437.0,22.0,1.6058,1,6.0,0.2,0.0455,0
56+,26091.0,6.0,0.591,0,5.0,0.0,0.5,0
36-45,52845.0,22.0,1.326,1,6.0,0.2,0.1364,0
56+,46086.0,12.0,0.8635,0,4.0,0.0,0.3333,0
56+,78028.0,19.0,0.6868,1,7.0,0.4,0.0526,1
26-35,95169.0,11.0,0.7473,1,1.0,0.4,0.0909,1
26-35,56337.0,17.0,0.8035,1,8.0,0.4,0.2941,1
26-35,22434.0,5.0,0.2218,0,8.0,0.0,0.4,0
56+,36930.0,11.0,0.5646,0,8.0,0.0,0.4545,0
56+,36130.0,15.0,0.655,1,4.0,0.2,0.4,1
56+,65569.0,21.0,0.8132,0,3.0,0.0,0.0952,0
56+,83844.0,19.0,0.9671,1,1.0,0.2,0.0526,0
46-55,19514.0,6.0,0.5387,1,8.0,0.2,0.6667,0
46-55,36736.0,3.0,0.1522,0,6.0,0.0,0.3333,0
26-35,77568.0,20.0,0.7095,1,5.0,0.6,0.05,0
36-45,49187.0,7.0,0.6019,0,2.0,0.0,0.1429,0
36-45,30168.0,11.0,0.5042,0,9.0,0.0,0.6364,0
46-55,34053.0,6.0,0.2169,0,8.0,0.0,0.1667,0
36-45,38196.0,6.0,0.7106,0,5.0,0.0,0.5,0
56+,59412.0,14.0,1.6646,0,3.0,0.0,0.0714,0
46-55,70924.0,19.0,2.1579,1,3.0,0.2,0.0526,0
36-45,54165.0,10.0,0.523,0,2.0,0.0,0.1,0
36-45,32300.0,4.0,0.1675,0,8.0,0.0,0.25,0
36-45,20180.0,7.0,0.3138,0,7.0,0.0,0.1429,0
36-45,34961.0,7.0,1.0926,0,7.0,0.0,0.4286,0
36-45,28440.0,5.0,0.2808,0,8.0,0.0,0.2,0
56+,64504.0,18.0,0.8214,0,7.0,0.0,0.3889,1
46-55,33564.0,5.0,0.801,0,5.0,0.0,0.2,0
36-45,17345.0,5.0,0.1931,0,8.0,0.0,0.4,0
46-55,56320.0,18.0,0.8669,0,4.0,0.0,0.1667,0
36-45,28647.0,6.0,0.3675,1,7.0,0.2,0.1667,1
26-35,15038.0,5.0,0.2171,0,9.0,0.0,0.4,0
56+,32173.0,4.0,0.2355,0,4.0,0.0,0.25,0
46-55,68316.0,27.0,1.0442,0,6.0,0.0,0.1852,0
36-45,74538.0,21.0,1.1622,1,3.0,0.2,0.0476,1
36-45,91700.0,19.0,0.8111,0,3.0,0.0,0.0526,1
36-45,68695.0,15.0,2.4157,0,2.0,0.0,0.0667,0
36-45,31056.0,4.0,0.172,0,8.0,0.0,0.25,0
36-45,79593.0,18.0,2.3514,1,2.0,0.2,0.0556,0
26-35,28071.0,11.0,0.3921,0,8.0,0.0,0.1818,0
56+,37334.0,7.0,0.6918,0,4.0,0.0,0.5714,0
36-45,46423.0,6.0,0.3894,0,7.0,0.0,0.5,0
36-45,37126.0,5.0,0.5514,1,6.0,0.2,0.2,1
56+,47703.0,17.0,0.8906,0,5.0,0.0,0.2353,0
46-55,61180.0,16.0,1.9325,1,3.0,0.2,0.125,0
56+,38998.0,5.0,0.1931,0,8.0,0.0,0.6,0
18-25,8028.0,1.0,0.0365,0,19.0,0.0,1.0,0
46-55,76081.0,13.0,1.7824,1,2.0,0.2,0.0769,0
26-35,34728.0,4.0,0.2346,0,6.0,0.0,0.25,1
46-55,33168.0,7.0,0.2634,0,7.0,0.0,0.4286,0
46-55,33585.0,6.0,0.3953,0,4.0,0.0,0.1667,0
46-55,77037.0,26.0,1.7824,0,3.0,0.0,0.0385,0
26-35,35196.0,12.0,0.4695,0,8.0,0.0,0.5,1
46-55,44529.0,19.0,1.0631,1,5.0,0.2,0.3158,0
46-55,70924.0,19.0,2.1579,1,3.0,0.2,0.0526,0
46-55,28764.0,3.0,0.4369,1,8.0,0.2,0.3333,0
56+,69098.0,24.0,1.0695,0,5.0,0.0,0.0417,0
36-45,25959.0,5.0,0.2222,0,6.0,0.0,0.4,1
26-35,27100.0,4.0,0.1917,0,7.0,0.0,0.25,0
26-35,70596.0,20.0,0.7451,0,2.0,0.0,0.05,0
36-45,42557.0,11.0,0.3921,0,8.0,0.0,0.3636,0
56+,53312.0,11.0,0.6578,0,7.0,0.0,0.0909,0
56+,72228.0,21.0,0.8366,0,3.0,0.0,0.0476,0
26-35,67605.0,16.0,0.7609,0,1.0,0.0,0.0625,0
56+,62845.0,17.0,0.6303,1,8.0,0.2,0.6471,0
56+,65196.0,24.0,1.3941,1,5.0,0.2,0.0833,0
26-35,42000.0,18.0,0.7609,0,5.0,0.0,0.1111,1
36-45,35860.0,4.0,0.5387,1,5.0,0.2,0.5,0
46-55,65526.0,16.0,1.8447,0,2.0,0.0,0.0625,0
46-55,16860.0,5.0,0.1812,0,7.0,0.0,0.6,0
18-25,83528.0,22.0,2.7444,1,1.0,0.4,0.0455,1
46-55,64176.0,25.0,0.8647,0,6.0,0.0,0.32,0
56+,22304.0,3.0,0.1039,0,8.0,0.0,0.3333,0
36-45,67023.0,23.0,2.3181,0,2.0,0.0,0.0435,0
36-45,32892.0,6.0,0.8301,0,8.0,0.0,0.3333,0
46-55,70713.0,19.0,0.7629,0,3.0,0.0,0.3158,0
56+,59925.0,20.0,0.7999,0,6.0,0.0,0.15,0
56+,39722.0,5.0,0.4909,0,5.0,0.0,0.4,0
56+,46610.0,13.0,0.7452,0,6.0,0.0,0.0769,0
46-55,88347.0,20.0,1.1149,1,1.0,0.2,0.05,0
26-35,87171.0,24.0,1.1995,1,2.0,0.4,0.0417,0
36-45,26907.0,4.0,0.2445,0,7.0,0.0,0.5,0
46-55,50014.0,13.0,1.1536,0,5.0,0.0,0.1538,0
36-45,41014.0,3.0,0.1478,0,7.0,0.0,0.3333,0
46-55,66294.0,12.0,1.2638,0,2.0,0.0,0.0833,0
36-45,36715.0,13.0,0.5112,0,9.0,0.0,0.4615,1
56+,79456.0,15.0,0.5303,0,3.0,0.0,0.0667,1
26-35,40479.0,3.0,0.1823,0,4.0,0.0,0.3333,0
36-45,75345.0,19.0,0.8297,1,3.0,0.2,0.0526,1
36-45,54233.0,22.0,0.9635,0,8.0,0.0,0.1818,0
36-45,24163.0,4.0,0.2736,0,4.0,0.0,0.5,0
56+,84460.0,22.0,0.9223,1,5.0,0.8,0.0,1
26-35,43776.0,3.0,0.3773,0,6.0,0.0,0.3333,0
56+,71691.0,16.0,1.6851,0,2.0,0.0,0.0625,1
36-45,85844.0,19.0,2.6774,1,2.0,0.2,0.0526,0
36-45,39190.0,7.0,0.8557,0,5.0,0.0,0.2857,0
46-55,71367.0,16.0,0.9838,0,2.0,0.0,0.0625,0
36-45,38578.0,6.0,0.3279,0,8.0,0.0,0.5,0
46-55,57236.0,7.0,0.7247,0,3.0,0.0,0.4286,0
26-35,61825.0,14.0,0.8339,0,4.0,0.0,0.0714,0
56+,79803.0,12.0,1.7229,0,1.0,0.0,0.0833,0
26-35,80910.0,14.0,0.5387,0,1.0,0.0,0.0714,0
26-35,27590.0,3.0,0.148,0,7.0,0.0,0.3333,0
26-35,56775.0,23.0,0.9616,0,5.0,0.0,0.087,0
36-45,83829.0,17.0,1.1524,1,1.0,0.6,0.0,1
26-35,54210.0,12.0,0.6191,0,5.0,0.0,0.1667,0
26-35,38508.0,14.0,0.8258,0,8.0,0.0,0.4286,0
36-45,53187.0,11.0,0.7768,0,5.0,0.0,0.1818,0
36-45,30023.0,5.0,0.5397,0,8.0,0.0,0.2,0
46-55,76045.0,20.0,1.4811,1,2.0,0.2,0.05,0
56+,50870.0,5.0,0.7804,0,5.0,0.0,0.2,0
36-45,15315.0,6.0,0.3546,0,5.0,0.0,0.3333,0
36-45,65463.0,17.0,1.5446,1,5.0,0.2,0.1176,0
46-55,66480.0,12.0,1.7068,0,4.0,0.0,0.5833,0
56+,76773.0,15.0,0.6774,0,1.0,0.0,0.0667,0
26-35,81698.0,15.0,0.6814,1,5.0,0.2,0.0667,1
36-45,54466.0,3.0,0.281,0,5.0,0.0,0.3333,0
46-55,98777.0,19.0,1.8243,1,1.0,0.2,0.0,0
26-35,16269.0,6.0,0.3742,0,8.0,0.0,0.5,0
36-45,71819.0,11.0,0.6833,1,6.0,0.4,0.2727,0
26-35,33569.0,4.0,0.2761,1,8.0,0.2,0.25,1
26-35,36262.0,11.0,0.7169,1,6.0,0.2,0.0909,1
46-55,22634.0,5.0,0.2131,0,8.0,0.0,0.2,0
36-45,47025.0,18.0,1.1534,0,9.0,0.0,0.2778,0
46-55,70566.0,20.0,1.3498,0,3.0,0.0,0.1,0
26-35,31605.0,7.0,0.2771,0,7.0,0.0,0.2857,0
36-45,52034.0,11.0,0.5646,0,7.0,0.0,0.4545,0
26-35,48526.0,7.0,0.5727,0,3.0,0.0,0.1429,0
56+,46734.0,12.0,0.4725,0,7.0,0.0,0.1667,0
46-55,39552.0,13.0,0.5326,0,8.0,0.0,0.5385,1
46-55,86358.0,14.0,0.487,0,8.0,0.0,0.2857,0
36-45,46931.0,5.0,0.6063,0,3.0,0.0,0.4,0
26-35,16581.0,3.0,0.1272,0,4.0,0.0,0.3333,0
56+,63998.0,24.0,1.9428,0,4.0,0.0,0.0417,1
56+,67381.0,13.0,0.5534,1,7.0,0.2,0.3077,0
46-55,25930.0,3.0,0.2043,0,7.0,0.0,0.3333,0
36-45,42693.0,4.0,0.5882,0,5.0,0.0,0.25,0
36-45,85606.0,22.0,0.8596,1,3.0,0.2,0.0909,0
26-35,72903.0,20.0,1.4223,1,4.0,0.6,0.05,1
36-45,49669.0,12.0,1.6527,0,6.0,0.0,0.1667,0
46-55,36778.0,6.0,0.208,0,9.0,0.0,0.5,0
46-55,85696.0,19.0,0.9527,0,1.0,0.0,0.0526,1
18-25,10979.0,6.0,0.8189,0,5.0,0.0,0.3333,0
46-55,49678.0,12.0,0.524,0,7.0,0.0,0.1667,0
56+,56129.0,18.0,0.9801,0,4.0,0.0,0.2222,0
18-25,37155.0,6.0,0.2613,0,5.0,0.0,0.1667,0
36-45,21282.0,5.0,0.6504,0,6.0,0.0,0.4,0
46-55,33419.0,6.0,0.3645,0,7.0,0.0,0.3333,0
56+,63285.0,24.0,1.7352,0,3.0,0.0,0.0417,0
36-45,21255.0,7.0,0.6194,0,4.0,0.0,0.5714,0
26-35,42162.0,7.0,0.5235,1,6.0,0.2,0.2857,1
56+,54450.0,19.0,0.6901,0,8.0,0.0,0.6316,0
56+,57744.0,14.0,1.0293,0,8.0,0.0,0.1429,0
26-35,26576.0,3.0,0.1129,1,9.0,0.2,0.3333,1
56+,57513.0,25.0,1.4014,0,6.0,0.0,0.08,0
46-55,68142.0,21.0,0.7485,0,6.0,0.0,0.1429,0
26-35,7500.0,3.0,0.1069,0,8.0,0.0,0.3333,0
36-45,83145.0,25.0,0.9168,1,2.0,0.2,0.04,1
46-55,54197.0,10.0,1.119,0,1.0,0.0,0.2,0
46-55,23091.0,6.0,0.8416,0,7.0,0.0,0.6667,0
36-45,46049.0,16.0,0.9223,0,7.0,0.0,0.625,1
36-45,56715.0,14.0,0.5637,0,4.0,0.0,0.0714,0
46-55,79410.0,10.0,1.4091,0,1.0,0.0,0.1,0
56+,57304.0,23.0,1.0607,0,5.0,0.0,0.087,0
46-55,44375.0,11.0,1.1831,0,5.0,0.0,0.0909,0
56+,54450.0,19.0,0.6901,0,8.0,0.0,0.6316,0
46-55,59594.0,16.0,0.6072,1,7.0,0.2,0.0625,0
18-25,80685.0,20.0,0.707,0,2.0,0.0,0.05,0
36-45,40344.0,10.0,0.6855,0,7.0,0.0,0.2,0
36-45,62710.0,18.0,0.9333,0,4.0,0.0,0.2222,0
46-55,48985.0,5.0,0.2798,0,3.0,0.0,0.2,0
46-55,35322.0,6.0,0.2121,0,8.0,0.0,0.5,0
56+,77142.0,16.0,0.8382,0,2.0,0.0,0.0625,0
36-45,81657.0,15.0,1.3311,0,1.0,0.0,0.0667,0
18-25,14421.0,3.0,0.2881,1,5.0,0.2,0.3333,0
36-45,20130.0,4.0,0.4213,0,8.0,0.0,0.25,0
18-25,74214.0,15.0,0.5327,0,5.0,0.0,0.0667,0
56+,66726.0,14.0,1.2072,1,7.0,0.2,0.2143,0
26-35,23724.0,5.0,0.2108,0,8.0,0.0,0.4,0
46-55,47353.0,10.0,0.737,0,5.0,0.0,0.3,0
56+,33444.0,3.0,0.1159,0,8.0,0.0,0.3333,0
26-35,54386.0,15.0,0.7699,0,3.0,0.0,0.1333,0
26-35,28510.0,6.0,0.2913,0,5.0,0.0,0.5,0
18-25,90638.0,17.0,1.612,1,1.0,0.2,0.0588,0
56+,48070.0,16.0,0.6792,0,7.0,0.0,0.1875,0
56+,43140.0,10.0,0.4198,0,6.0,0.0,0.1,0
46-55,54959.0,18.0,0.7706,1,7.0,0.2,0.1667,1
56+,15056.0,7.0,0.351,0,5.0,0.0,0.7143,0
36-45,26954.0,3.0,0.3853,0,7.0,0.0,0.3333,0
26-35,22327.0,4.0,0.2359,0,5.0,0.0,0.25,0
46-55,44393.0,5.0,0.3068,0,4.0,0.0,0.4,0
56+,62000.0,25.0,1.5435,1,4.0,0.2,0.04,0
46-55,31497.0,8.0,0.3225,0,8.0,0.0,0.25,0
36-45,45894.0,4.0,0.3966,0,5.0,0.0,0.25,0
36-45,78579.0,15.0,0.6178,0,3.0,0.0,0.0667,1
36-45,67369.0,21.0,0.8258,1,4.0,0.4,0.1905,1
46-55,58401.0,5.0,0.5968,0,4.0,0.0,0.2,0
56+,62307.0,8.0,0.7681,0,5.0,0.0,0.125,0
36-45,43641.0,7.0,0.3448,0,6.0,0.0,0.4286,0
46-55,63841.0,21.0,1.0326,0,6.0,0.0,0.0476,0
46-55,46891.0,7.0,0.4384,0,4.0,0.0,0.1429,0
36-45,70091.0,17.0,0.8085,1,8.0,0.2,0.1176,0
36-45,78075.0,13.0,1.4655,0,1.0,0.0,0.0769,0
46-55,59184.0,24.0,0.8665,0,5.0,0.0,0.125,0
36-45,54809.0,8.0,0.5116,0,4.0,0.0,0.5,0
46-55,58113.0,19.0,0.8203,0,7.0,0.0,0.1579,0
56+,51412.0,9.0,0.7505,0,4.0,0.0,0.2222,0
26-35,15287.0,4.0,0.1499,1,7.0,0.2,0.5,1
56+,66636.0,16.0,0.9721,0,1.0,0.0,0.0625,0
56+,50965.0,19.0,0.8517,1,8.0,0.2,0.1579,0
46-55,84618.0,25.0,1.8835,1,2.0,0.2,0.04,0
18-25,18351.0,5.0,0.3556,0,7.0,0.0,0.2,0
56+,40451.0,4.0,0.3829,1,5.0,0.2,0.25,0
46-55,36317.0,7.0,0.3624,0,7.0,0.0,0.2857,0
56+,42213.0,13.0,0.8892,1,7.0,0.2,0.1538,0
56+,65748.0,16.0,0.7792,0,1.0,0.0,0.125,0
36-45,77044.0,29.0,2.0528,1,4.0,0.2,0.069,0
36-45,74918.0,20.0,0.9237,1,3.0,0.2,0.05,0
36-45,56721.0,10.0,0.3848,0,6.0,0.0,0.5,0
36-45,42160.0,7.0,0.3867,0,6.0,0.0,0.5714,1
46-55,61559.0,16.0,0.9154,0,3.0,0.0,0.0625,0
46-55,33629.0,8.0,0.2783,0,9.0,0.0,0.625,0
18-25,68682.0,23.0,1.5522,0,2.0,0.0,0.0435,0
46-55,34377.0,6.0,0.2569,0,7.0,0.0,0.3333,0
26-35,8940.0,7.0,0.2475,0,8.0,0.0,0.4286,0
36-45,26228.0,3.0,0.1964,0,8.0,0.0,0.3333,0
56+,77297.0,21.0,0.9079,1,4.0,0.2,0.0476,0
26-35,40211.0,5.0,0.2932,1,8.0,0.2,0.4,0
56+,33438.0,7.0,0.4582,0,5.0,0.0,0.5714,0
46-55,75032.0,18.0,0.8952,0,3.0,0.0,0.1111,0
56+,61284.0,21.0,1.4364,1,6.0,0.2,0.0476,0
26-35,22518.0,5.0,0.1902,1,5.0,0.2,0.4,1
36-45,54730.0,13.0,0.7867,0,4.0,0.0,0.3846,0
56+,38452.0,6.0,0.6617,0,7.0,0.0,0.5,0
36-45,44421.0,9.0,0.4005,0,8.0,0.0,0.5556,0
26-35,38197.0,4.0,0.2214,0,5.0,0.0,0.25,0
36-45,41986.0,7.0,0.6556,0,4.0,0.0,0.4286,0
26-35,28427.0,5.0,0.2341,0,8.0,0.0,0.4,0
36-45,37395.0,4.0,0.501,0,6.0,0.0,0.25,0
36-45,64722.0,21.0,2.9187,0,6.0,0.0,0.1905,0
56+,55249.0,7.0,0.8258,0,3.0,0.0,0.1429,0
36-45,84906.0,23.0,1.5454,1,2.0,0.6,0.0435,0
18-25,28691.0,4.0,0.2234,0,8.0,0.0,0.25,0
56+,44213.0,8.0,0.6134,0,6.0,0.0,0.5,0
26-35,25707.0,4.0,0.3509,0,7.0,0.0,0.25,0
46-55,59062.0,5.0,0.3352,0,4.0,0.0,0.4,0
46-55,76624.0,22.0,3.03,1,1.0,0.2,0.0455,0
56+,66000.0,9.0,1.0743,0,1.0,0.0,0.1111,0
36-45,27683.0,12.0,0.4155,0,8.0,0.0,0.3333,0
36-45,1730.0,0.0,0.0,0,20.0,0.0,0.0,0
18-25,7500.0,7.0,0.2811,0,9.0,0.0,0.5714,0
46-55,40521.0,3.0,0.1438,0,5.0,0.0,0.3333,0
36-45,20427.0,3.0,0.3238,0,8.0,0.0,0.3333,0
36-45,65106.0,24.0,3.3054,1,6.0,0.2,0.125,0
46-55,69969.0,12.0,0.7439,1,3.0,0.4,0.0833,1
56+,67433.0,24.0,1.3705,1,4.0,0.2,0.1667,0
46-55,77766.0,32.0,1.4387,1,6.0,0.2,0.0625,1
36-45,74716.0,15.0,0.9612,0,4.0,0.0,0.1333,0
46-55,68118.0,21.0,1.456,0,6.0,0.0,0.0952,0
36-45,55158.0,14.0,0.482,0,7.0,0.0,0.2857,1
56+,62972.0,14.0,0.4842,0,6.0,0.0,0.1429,1
36-45,74190.0,17.0,2.2208,0,2.0,0.0,0.1176,0
36-45,39356.0,3.0,0.3182,1,6.0,0.2,0.3333,0
36-45,76653.0,22.0,1.3339,1,2.0,0.4,0.0455,0
36-45,35860.0,4.0,0.5387,1,5.0,0.2,0.5,0
26-35,90687.0,16.0,0.8282,1,2.0,0.2,0.0625,1
26-35,73450.0,26.0,2.024,1,3.0,0.4,0.0385,0
46-55,31454.0,5.0,0.2803,0,8.0,0.0,0.6,0
56+,47139.0,5.0,0.5073,0,7.0,0.0,0.4,1
36-45,83829.0,17.0,1.1524,1,1.0,0.6,0.0,1
46-55,53378.0,19.0,0.6984,0,8.0,0.0,0.5263,1
36-45,19656.0,6.0,0.2643,0,7.0,0.0,0.5,0
56+,45579.0,9.0,0.5501,0,6.0,0.0,0.1111,0
56+,85485.0,18.0,2.8387,0,2.0,0.0,0.0556,0
56+,55956.0,14.0,1.59,1,4.0,0.2,0.1429,0
46-55,64191.0,21.0,0.9028,0,3.0,0.0,0.1429,0
36-45,38808.0,10.0,0.3552,1,8.0,0.2,0.4,1
46-55,57183.0,17.0,0.7936,0,8.0,0.0,0.4706,0
46-55,23748.0,6.0,0.2372,0,8.0,0.0,0.5,0
36-45,66303.0,18.0,0.8141,1,8.0,0.2,0.2222,0
36-45,37368.0,3.0,0.2403,1,6.0,0.2,0.3333,0
46-55,40800.0,6.0,0.2505,0,7.0,0.0,0.3333,0
36-45,71847.0,22.0,0.8058,1,3.0,0.2,0.0,0
36-45,46149.0,13.0,0.9967,0,5.0,0.0,0.3846,0
26-35,78687.0,18.0,0.6269,1,2.0,0.2,0.0556,1
36-45,49118.0,26.0,0.9149,1,7.0,0.4,0.0769,1
56+,37633.0,4.0,0.1463,0,9.0,0.0,0.5,0
56+,39767.0,15.0,0.8647,0,8.0,0.0,0.1333,0
56+,26997.0,11.0,0.426,0,7.0,0.0,0.1818,0
36-45,33986.0,4.0,0.1853,0,7.0,0.0,0.25,0
36-45,57091.0,16.0,0.6341,1,7.0,0.2,0.125,1
36-45,46831.0,5.0,0.2665,0,4.0,0.0,0.4,0
36-45,83151.0,22.0,0.9719,1,2.0,0.6,0.0455,1
36-45,52531.0,19.0,0.7911,0,6.0,0.0,0.1053,0
56+,15759.0,3.0,0.1894,0,7.0,0.0,0.3333,0
36-45,22804.0,4.0,0.235,0,9.0,0.0,0.25,0
36-45,43050.0,6.0,0.6341,0,5.0,0.0,0.3333,0
36-45,42997.0,3.0,0.2347,0,7.0,0.0,0.3333,0
46-55,48918.0,5.0,0.5787,0,4.0,0.0,0.4,0
56+,60033.0,8.0,0.8791,0,2.0,0.0,0.25,0
36-45,34043.0,4.0,0.2818,0,9.0,0.0,0.25,0
46-55,57811.0,20.0,1.0968,1,5.0,0.2,0.25,0
56+,78569.0,14.0,1.3528,1,1.0,0.2,0.0714,1
36-45,7500.0,6.0,0.2488,0,6.0,0.0,0.6667,0
36-45,157733.0,2.0,0.1059,0,1.0,0.0,0.0,0
56+,94384.0,18.0,0.8214,1,2.0,0.6,0.0,1
26-35,23148.0,5.0,0.4816,0,7.0,0.0,0.2,0
36-45,44267.0,11.0,0.4968,0,9.0,0.0,0.4545,0
26-35,71626.0,18.0,0.6935,1,3.0,0.2,0.0556,0
46-55,60894.0,21.0,1.16,0,7.0,0.0,0.2381,0
36-45,50200.0,13.0,0.6212,0,8.0,0.0,0.4615,0
46-55,81051.0,22.0,3.0163,1,2.0,0.4,0.0455,0
26-35,65169.0,27.0,2.3413,1,6.0,0.8,0.037,1
36-45,59868.0,25.0,1.4439,0,6.0,0.0,0.28,0
46-55,65695.0,19.0,1.7315,0,4.0,0.0,0.1053,0
56+,64857.0,22.0,0.8719,0,4.0,0.0,0.0455,0
46-55,45143.0,12.0,0.7424,0,7.0,0.0,0.25,0
56+,74805.0,21.0,1.5219,0,2.0,0.0,0.2381,0
18-25,59060.0,11.0,0.9458,0,4.0,0.0,0.2727,0
46-55,27238.0,6.0,0.2946,0,9.0,0.0,0.5,0
46-55,47009.0,13.0,0.8677,0,4.0,0.0,0.3077,0
36-45,46094.0,4.0,0.5968,0,7.0,0.0,0.25,0
36-45,40321.0,6.0,0.3512,0,7.0,0.0,0.3333,0
26-35,37235.0,4.0,0.3656,0,4.0,0.0,0.25,0
46-55,81843.0,26.0,1.2805,0,3.0,0.0,0.0385,0
56+,46692.0,12.0,0.6374,0,6.0,0.0,0.25,0
46-55,77382.0,24.0,2.0405,1,1.0,0.2,0.0833,0
36-45,37774.0,12.0,0.4302,1,9.0,0.2,0.3333,1
36-45,18393.0,6.0,0.6593,0,8.0,0.0,0.3333,0
46-55,72828.0,22.0,0.9776,0,7.0,0.0,0.2727,0
26-35,24711.0,6.0,0.7106,0,7.0,0.0,0.1667,0
36-45,45503.0,8.0,0.5271,0,5.0,0.0,0.125,0
26-35,6560.0,2.0,0.1585,0,17.0,0.0,0.0,0
56+,71604.0,16.0,1.1907,1,4.0,0.2,0.0625,1
26-35,27244.0,6.0,0.6108,0,7.0,0.0,0.3333,0
36-45,48752.0,12.0,0.4877,0,9.0,0.0,0.4167,1
46-55,71434.0,18.0,1.1682,1,4.0,0.4,0.1667,0
56+,90842.0,26.0,1.5219,0,1.0,0.0,0.0385,0
36-45,88097.0,19.0,0.6686,1,9.0,0.6,0.0526,1
36-45,51948.0,11.0,0.7124,0,5.0,0.0,0.1818,0
26-35,71853.0,16.0,0.809,0,1.0,0.0,0.0625,0
26-35,35876.0,7.0,0.8355,0,6.0,0.0,0.1429,0
56+,40049.0,4.0,0.2761,0,6.0,0.0,0.25,0
26-35,39660.0,11.0,0.3826,0,9.0,0.0,0.2727,1
46-55,50127.0,12.0,1.691,1,6.0,0.2,0.0833,0
36-45,43263.0,13.0,0.5139,0,5.0,0.0,0.2308,0
56+,62845.0,17.0,0.6303,1,8.0,0.2,0.6471,1
18-25,18929.0,5.0,0.2228,0,6.0,0.0,0.2,0
26-35,24367.0,3.0,0.1403,0,9.0,0.0,0.3333,0
36-45,33249.0,6.0,0.269,0,6.0,0.0,0.3333,0
46-55,26887.0,4.0,0.1767,0,6.0,0.0,0.25,0
26-35,50150.0,14.0,0.7623,0,5.0,0.0,0.1429,0
36-45,62061.0,21.0,1.3125,1,6.0,0.2,0.1429,0
46-55,85696.0,19.0,0.9527,0,1.0,0.0,0.0526,1
56+,76542.0,22.0,1.0447,0,2.0,0.0,0.0455,0
18-25,70515.0,16.0,1.117,0,2.0,0.0,0.0625,1
26-35,18227.0,3.0,0.1166,0,8.0,0.0,0.3333,0
46-55,69139.0,10.0,0.9005,0,4.0,0.0,0.1,0
26-35,69109.0,19.0,0.7395,1,4.0,0.2,0.0526,1
46-55,69627.0,21.0,0.9774,0,5.0,0.0,0.0952,0
36-45,38136.0,6.0,0.2955,1,8.0,0.2,0.3333,0
56+,62159.0,18.0,2.2181,0,4.0,0.0,0.0556,0
46-55,80695.0,18.0,1.4928,0,2.0,0.0,0.0556,0
36-45,33316.0,7.0,0.4703,0,6.0,0.0,0.4286,0
46-55,58554.0,16.0,0.5896,0,7.0,0.0,0.375,0
18-25,17256.0,5.0,0.3776,1,8.0,0.2,0.4,0
36-45,53034.0,14.0,0.7347,0,8.0,0.0,0.5714,0
56+,52203.0,26.0,0.8962,0,6.0,0.0,0.0385,0
36-45,59601.0,11.0,0.639,1,8.0,0.2,0.3636,0
56+,75154.0,15.0,0.5384,0,3.0,0.0,0.0667,1
36-45,47025.0,14.0,1.017,0,6.0,0.0,0.2143,0
36-45,37971.0,4.0,0.3036,0,8.0,0.0,0.25,0
46-55,41335.0,9.0,0.7404,0,7.0,0.0,0.3333,0
56+,67267.0,10.0,1.312,0,2.0,0.0,0.1,0
36-45,57338.0,10.0,1.2373,0,5.0,0.0,0.2,0
46-55,50523.0,6.0,0.4923,0,6.0,0.0,0.3333,0
46-55,35791.0,4.0,0.2016,0,8.0,0.0,0.5,0
46-55,50611.0,16.0,0.5954,1,6.0,0.2,0.375,0
36-45,56242.0,23.0,1.048,0,6.0,0.0,0.2174,0
46-55,48904.0,13.0,0.5213,0,8.0,0.0,0.3077,0
36-45,56243.0,14.0,1.1643,0,5.0,0.0,0.4286,0
26-35,21355.0,5.0,0.3056,1,6.0,0.2,0.4,1
36-45,57420.0,12.0,0.6593,1,7.0,0.2,0.25,0
36-45,,12.0,0.5716,0,5.0,0.0,0.1667,0
56+,46390.0,9.0,1.1414,0,7.0,0.0,0.1111,0
56+,54342.0,8.0,0.446,0,6.0,0.0,0.5,0
56+,,4.0,0.1434,0,5.0,0.0,0.25,0
46-55,,3.0,0.2587,0,7.0,0.0,0.3333,0
36-45,20895.0,5.0,0.1865,0,9.0,0.0,0.2,0
56+,92344.0,20.0,1.7393,1,1.0,0.4,0.0,0
36-45,,4.0,0.4005,0,7.0,0.0,0.25,0
36-45,26907.0,4.0,0.2445,0,7.0,0.0,0.5,0
26-35,44964.0,4.0,0.1634,0,8.0,0.0,0.25,0
26-35,75507.0,20.0,2.5051,0,3.0,0.0,0.05,0
36-45,53761.0,11.0,0.7507,0,5.0,0.0,0.5455,0
36-45,22682.0,7.0,0.4693,0,4.0,0.0,0.4286,0
36-45,38887.0,4.0,0.4005,0,7.0,0.0,0.25,0
36-45,41658.0,4.0,0.1557,0,4.0,0.0,0.5,0
36-45,29791.0,5.0,0.6617,0,5.0,0.0,0.4,0
56+,63915.0,21.0,1.2316,0,5.0,0.0,0.0952,0
36-45,39996.0,3.0,0.4095,0,6.0,0.0,0.3333,0
36-45,26759.0,6.0,0.5585,0,6.0,0.0,0.3333,0
46-55,63841.0,21.0,1.0326,0,6.0,0.0,0.0476,0
36-45,51039.0,12.0,0.4864,0,7.0,0.0,0.1667,0
46-55,60544.0,11.0,0.3902,0,6.0,0.0,0.3636,0
36-45,65685.0,20.0,2.1977,0,5.0,0.0,0.05,0
56+,37716.0,8.0,0.9587,0,7.0,0.0,0.25,0
56+,36864.0,11.0,0.3848,0,8.0,0.0,0.2727,1
36-45,44511.0,20.0,0.7515,0,8.0,0.0,0.3,0
46-55,36947.0,7.0,0.2432,0,9.0,0.0,0.5714,0
56+,47352.0,12.0,0.5807,0,7.0,0.0,0.3333,0
56+,67087.0,20.0,1.6062,0,4.0,0.0,0.1,0
56+,57045.0,15.0,0.541,0,3.0,0.0,0.2,0
56+,36957.0,7.0,0.2518,0,9.0,0.0,0.5714,1
36-45,69389.0,21.0,0.7757,0,4.0,0.0,0.0476,0
36-45,80134.0,14.0,0.7222,1,6.0,0.6,0.1429,1
36-45,43142.0,3.0,0.289,0,7.0,0.0,0.3333,0
56+,80589.0,20.0,1.7748,1,1.0,0.2,0.05,1
18-25,34412.0,8.0,0.355,0,9.0,0.0,0.375,0
26-35,57537.0,15.0,0.8024,0,4.0,0.0,0.2667,0
46-55,22634.0,5.0,0.2131,0,8.0,0.0,0.2,0
56+,51315.0,9.0,0.8808,0,2.0,0.0,0.1111,0
36-45,36026.0,5.0,0.5248,0,6.0,0.0,0.4,0
36-45,24639.0,6.0,0.5419,0,6.0,0.0,0.5,0
36-45,34578.0,3.0,0.3459,0,6.0,0.0,0.3333,0
36-45,65704.0,22.0,1.5082,0,1.0,0.0,0.0455,0
46-55,63810.0,19.0,0.7414,1,8.0,0.2,0.2105,0
36-45,54132.0,4.0,0.3829,0,7.0,0.0,0.25,0
46-55,18690.0,4.0,0.1661,0,8.0,0.0,0.25,0
36-45,28164.0,6.0,0.3014,0,7.0,0.0,0.5,0
36-45,34596.0,3.0,0.1456,0,8.0,0.0,0.3333,0
36-45,43269.0,3.0,0.1939,0,8.0,0.0,0.3333,0
56+,38741.0,5.0,0.5514,0,7.0,0.0,0.4,0
36-45,31907.0,13.0,0.5932,0,7.0,0.0,0.0769,0
26-35,27100.0,4.0,0.1917,0,7.0,0.0,0.25,0
36-45,31163.0,4.0,0.3793,0,6.0,0.0,0.25,0
26-35,92533.0,22.0,1.7762,1,2.0,0.4,0.0455,0
36-45,34853.0,5.0,0.408,0,6.0,0.0,0.4,0
46-55,70844.0,12.0,0.8554,0,7.0,0.0,0.4167,0
26-35,31086.0,4.0,0.2009,1,8.0,0.2,0.5,0
46-55,60544.0,11.0,0.3902,0,6.0,0.0,0.3636,0
26-35,20491.0,3.0,0.1295,0,7.0,0.0,0.3333,0
46-55,42523.0,6.0,0.7247,0,2.0,0.0,0.1667,0
26-35,39922.0,7.0,0.311,0,8.0,0.0,0.2857,0
56+,33402.0,6.0,0.3439,0,8.0,0.0,0.5,0
56+,36408.0,3.0,0.1959,0,6.0,0.0,0.3333,0
26-35,21645.0,6.0,0.2151,0,9.0,0.0,0.5,1
56+,78427.0,20.0,0.7628,1,3.0,0.2,0.15,1
56+,82657.0,22.0,1.4557,1,4.0,0.4,0.0455,0
56+,51876.0,12.0,0.8264,0,1.0,0.0,0.0833,0
36-45,78041.0,17.0,0.6945,0,2.0,0.0,0.0588,0
56+,52852.0,22.0,0.8811,1,8.0,0.2,0.1818,0
26-35,70038.0,16.0,1.1273,0,2.0,0.0,0.0625,0
36-45,69401.0,13.0,1.3982,0,2.0,0.0,0.3077,0
36-45,46053.0,9.0,0.4017,0,5.0,0.0,0.3333,0
46-55,77343.0,16.0,2.3756,0,1.0,0.0,0.0625,0
56+,73892.0,22.0,1.6214,0,1.0,0.0,0.0455,1
46-55,40304.0,5.0,0.333,0,7.0,0.0,0.2,0
46-55,32727.0,15.0,0.534,0,8.0,0.0,0.1333,0
36-45,68695.0,15.0,2.4157,0,2.0,0.0,0.0667,0
36-45,43300.0,8.0,0.301,0,8.0,0.0,0.375,1
36-45,26290.0,6.0,0.2544,0,6.0,0.0,0.6667,0
36-45,93790.0,25.0,2.3632,1,2.0,0.6,0.0,1
36-45,38410.0,16.0,0.5811,0,6.0,0.0,0.125,1
56+,64866.0,17.0,1.5264,1,5.0,0.2,0.2353,0
46-55,57957.0,18.0,1.0979,0,3.0,0.0,0.3889,0
56+,46015.0,4.0,0.4647,1,7.0,0.4,0.25,0
36-45,16531.0,6.0,0.9318,0,7.0,0.0,0.5,0
26-35,28072.0,4.0,0.225,0,7.0,0.0,0.25,0
46-55,49476.0,18.0,0.9801,0,2.0,0.0,0.2222,0
56+,50725.0,17.0,0.7543,0,8.0,0.0,0.2353,0
56+,83844.0,19.0,0.9671,1,1.0,0.2,0.0526,0
56+,41145.0,3.0,0.2801,0,3.0,0.0,0.3333,0
36-45,67419.0,21.0,0.8952,0,5.0,0.0,0.1905,0
36-45,23162.0,5.0,0.4058,0,6.0,0.0,0.6,0
36-45,34380.0,8.0,0.4005,0,8.0,0.0,0.5,0
46-55,34704.0,4.0,0.1986,0,5.0,0.0,0.25,0
36-45,94871.0,17.0,0.608,1,7.0,0.4,0.0588,1
56+,65148.0,19.0,0.7462,0,4.0,0.0,0.1053,0
56+,39898.0,7.0,0.3101,0,7.0,0.0,0.2857,0
56+,64857.0,22.0,0.8719,0,4.0,0.0,0.0455,0
36-45,59892.0,6.0,0.4307,0,3.0,0.0,0.1667,0
26-35,41020.0,9.0,0.6385,0,3.0,0.0,0.1111,0
46-55,57072.0,25.0,2.2315,1,5.0,0.2,0.08,0
26-35,60474.0,24.0,1.1432,0,7.0,0.0,0.2917,0
46-55,62807.0,20.0,0.7145,0,5.0,0.0,0.15,0
26-35,19414.0,4.0,0.2761,0,8.0,0.0,0.25,0
26-35,19107.0,4.0,0.2455,0,7.0,0.0,0.5,0
36-45,75484.0,16.0,0.5528,0,4.0,0.0,0.125,0
36-45,70379.0,22.0,1.0024,0,4.0,0.0,0.1364,0
36-45,79419.0,14.0,2.2194,0,2.0,0.0,0.0714,0
56+,64014.0,15.0,2.2381,1,7.0,0.2,0.4667,0
56+,76998.0,27.0,1.143,1,6.0,0.2,0.0741,0
36-45,49854.0,13.0,0.9512,0,6.0,0.0,0.3846,0
36-45,60585.0,20.0,1.0968,0,5.0,0.0,0.5,1
56+,42873.0,11.0,0.4722,0,8.0,0.0,0.3636,0
26-35,87679.0,28.0,1.6327,1,4.0,0.6,0.0357,1
36-45,57867.0,18.0,1.2015,0,6.0,0.0,0.3889,0
18-25,35765.0,6.0,0.4744,0,6.0,0.0,0.3333,0
46-55,65492.0,24.0,2.1549,0,2.0,0.0,0.0833,0
36-45,32952.0,5.0,0.3853,0,7.0,0.0,0.2,0
36-45,53374.0,15.0,0.5266,1,9.0,0.2,0.4,1
46-55,71706.0,21.0,0.8216,0,5.0,0.0,0.1905,0
26-35,68487.0,29.0,1.2311,0,4.0,0.0,0.0345,0
36-45,53253.0,12.0,0.5309,0,5.0,0.0,0.5833,0
36-45,31163.0,4.0,0.3793,0,6.0,0.0,0.25,0
36-45,42014.0,14.0,0.4921,0,8.0,0.0,0.4286,1
36-45,54108.0,19.0,0.7358,0,8.0,0.0,0.6842,0
56+,49667.0,20.0,0.7054,1,8.0,0.2,0.1,1
36-45,63206.0,13.0,1.3835,1,2.0,0.2,0.0769,0
36-45,57136.0,17.0,0.9582,0,6.0,0.0,0.5294,0
36-45,46772.0,24.0,0.9318,1,8.0,0.2,0.25,0
36-45,78931.0,23.0,1.6205,0,1.0,0.0,0.0435,0
56+,53977.0,22.0,1.1727,0,5.0,0.0,0.2273,0
26-35,84219.0,17.0,1.5585,0,1.0,0.0,0.0588,0
36-45,46098.0,7.0,0.2463,0,8.0,0.0,0.5714,0
46-55,73538.0,23.0,0.9139,0,7.0,0.0,0.1304,0
26-35,79529.0,21.0,2.5774,0,2.0,0.0,0.0476,0
36-45,20981.0,6.0,0.2994,0,8.0,0.0,0.1667,1
26-35,51766.0,10.0,1.0318,0,5.0,0.0,0.2,0
46-55,55759.0,21.0,0.8377,0,8.0,0.0,0.2381,0
36-45,33039.0,6.0,0.3821,0,5.0,0.0,0.1667,0
36-45,37787.0,6.0,0.3911,0,8.0,0.0,0.1667,0
36-45,27242.0,5.0,0.1951,0,9.0,0.0,0.4,1
26-35,87188.0,18.0,0.9512,0,3.0,0.0,0.0556,1
36-45,69930.0,21.0,1.0945,0,3.0,0.0,0.0476,0
36-45,37697.0,6.0,0.5585,0,6.0,0.0,0.1667,0
36-45,37401.0,5.0,0.6368,0,7.0,0.0,0.4,0
36-45,3502.0,0.0,0.0,0,14.0,0.0,0.0,0
36-45,58597.0,20.0,0.7896,0,7.0,0.0,0.6,0
56+,82032.0,17.0,1.9164,0,1.0,0.0,0.0,0
56+,28087.0,6.0,0.2435,0,7.0,0.0,0.5,0
26-35,74004.0,14.0,1.3746,1,3.0,0.4,0.0714,1
46-55,19740.0,5.0,0.2352,0,5.0,0.0,0.4,0
36-45,57036.0,22.0,0.8928,1,9.0,0.2,0.1818,0
56+,53083.0,11.0,0.5627,1,7.0,0.2,0.5455,0
36-45,69283.0,23.0,3.5003,0,5.0,0.0,0.1739,0
36-45,46098.0,7.0,0.2463,0,8.0,0.0,0.5714,1
26-35,23331.0,6.0,0.2154,0,8.0,0.0,0.3333,0
26-35,23331.0,11.0,0.4098,0,9.0,0.0,0.5455,0
18-25,9255.0,4.0,0.3238,0,8.0,0.0,0.25,0
46-55,67786.0,15.0,1.1737,0,1.0,0.0,0.0667,1
36-45,71969.0,16.0,0.6042,1,8.0,0.2,0.1875,0
46-55,59235.0,25.0,1.0598,0,7.0,0.0,0.12,0
18-25,31928.0,7.0,0.7664,0,7.0,0.0,0.2857,0
46-55,74881.0,23.0,1.0559,0,5.0,0.0,0.1739,0
36-45,65819.0,19.0,0.7589,0,3.0,0.0,0.0526,0
56+,51411.0,3.0,0.1564,0,5.0,0.0,0.3333,0
46-55,51983.0,21.0,0.7502,0,7.0,0.0,0.1429,0
26-35,42386.0,6.0,0.2547,0,8.0,0.0,0.1667,0
26-35,30390.0,5.0,0.3138,0,6.0,0.0,0.2,0
46-55,30983.0,7.0,0.2725,0,8.0,0.0,0.1429,1
56+,66033.0,18.0,0.7717,0,7.0,0.0,0.1111,0
36-45,37284.0,3.0,0.1422,0,6.0,0.0,0.3333,0
56+,57530.0,6.0,0.4104,0,1.0,0.0,0.1667,0
46-55,76800.0,15.0,1.5321,0,1.0,0.0,0.0667,0
56+,63943.0,16.0,0.5729,0,5.0,0.0,0.0625,0
46-55,76081.0,13.0,1.7824,1,2.0,0.2,0.0769,0
36-45,67445.0,27.0,0.9435,0,6.0,0.0,0.1852,0
46-55,37054.0,4.0,0.2579,0,7.0,0.0,0.5,0
46-55,47175.0,10.0,0.3833,1,8.0,0.2,0.7,1
36-45,31859.0,3.0,0.1616,0,7.0,0.0,0.3333,0
46-55,27215.0,7.0,0.3014,0,6.0,0.0,0.5714,0
36-45,70179.0,23.0,1.3259,0,5.0,0.0,0.1304,0
26-35,39922.0,7.0,0.311,0,8.0,0.0,0.2857,0
36-45,49681.0,15.0,1.0819,0,7.0,0.0,0.4,0
26-35,24645.0,3.0,0.1156,0,8.0,0.0,0.3333,0
56+,79865.0,20.0,3.1059,0,1.0,0.0,0.05,0
26-35,44322.0,6.0,0.9223,0,8.0,0.0,0.3333,0
56+,47958.0,14.0,0.5993,0,5.0,0.0,0.1429,0
46-55,63972.0,19.0,0.7619,1,4.0,0.2,0.2105,0
56+,75315.0,21.0,2.4584,0,2.0,0.0,0.0952,0
56+,55517.0,18.0,0.6641,0,9.0,0.0,0.2778,1
56+,75283.0,14.0,0.6617,0,4.0,0.0,0.7857,0
56+,82800.0,25.0,0.9921,1,3.0,0.4,0.04,1
56+,38998.0,5.0,0.1931,0,8.0,0.0,0.6,0
18-25,90638.0,17.0,1.612,1,1.0,0.2,0.0588,1
26-35,27161.0,4.0,0.2838,0,7.0,0.0,0.25,0
36-45,42014.0,14.0,0.4921,0,8.0,0.0,0.4286,1
46-55,38201.0,11.0,0.5215,0,8.0,0.0,0.3636,0
26-35,45203.0,7.0,0.7529,0,6.0,0.0,0.1429,1
56+,81574.0,17.0,2.0949,1,1.0,0.4,0.0588,0
18-25,34935.0,7.0,0.3818,0,7.0,0.0,0.1429,0
36-45,60482.0,16.0,0.6888,0,7.0,0.0,0.0625,0
56+,34633.0,3.0,0.267,0,6.0,0.0,0.3333,0
56+,78093.0,16.0,1.2649,0,1.0,0.0,0.0625,0
56+,82460.0,14.0,1.0815,0,1.0,0.0,0.0714,0
46-55,45903.0,6.0,0.7247,0,4.0,0.0,0.3333,0
26-35,81361.0,26.0,2.5611,0,1.0,0.0,0.0385,1
36-45,35860.0,4.0,0.5387,1,5.0,0.2,0.5,1
56+,40442.0,8.0,0.2818,0,7.0,0.0,0.5,1
46-55,61482.0,11.0,1.7904,0,2.0,0.0,0.0909,0
26-35,34968.0,10.0,0.4831,0,7.0,0.0,0.7,0
26-35,75794.0,24.0,1.9637,1,3.0,0.2,0.0417,0
46-55,31497.0,8.0,0.3225,0,8.0,0.0,0.25,0
56+,74268.0,12.0,0.5332,0,2.0,0.0,0.0833,0
26-35,13724.0,4.0,0.1429,1,9.0,0.2,0.25,0
46-55,45143.0,12.0,0.7424,0,7.0,0.0,0.25,0
46-55,52569.0,6.0,0.6764,0,3.0,0.0,0.1667,0
36-45,48432.0,14.0,0.53,0,8.0,0.0,0.3571,1
46-55,17144.0,7.0,0.6679,0,7.0,0.0,0.7143,0
26-35,36108.0,12.0,0.8264,1,9.0,0.2,0.25,0
36-45,76445.0,20.0,0.7388,0,6.0,0.0,0.05,0
36-45,36663.0,5.0,0.6088,0,2.0,0.0,0.2,0
46-55,53843.0,16.0,0.8822,0,7.0,0.0,0.25,0
56+,90226.0,23.0,0.8475,1,2.0,0.2,0.0435,0
56+,70638.0,19.0,1.0005,1,3.0,0.2,0.0526,0
46-55,44512.0,4.0,0.2495,0,4.0,0.0,0.5,0
46-55,27116.0,5.0,0.5006,0,7.0,0.0,0.4,0
46-55,54072.0,4.0,0.2332,0,8.0,0.0,0.25,0
36-45,71855.0,21.0,0.8952,0,3.0,0.0,0.1905,0
18-25,51250.0,19.0,0.9022,1,9.0,0.2,0.2632,0
36-45,60432.0,14.0,1.4348,0,6.0,0.0,0.3571,0
46-55,65526.0,16.0,1.8447,0,2.0,0.0,0.0625,0
26-35,68655.0,20.0,0.6973,0,3.0,0.0,0.05,0
36-45,12393.0,5.0,0.201,0,9.0,0.0,0.2,0
18-25,64509.0,18.0,1.0936,1,4.0,0.2,0.0556,1
36-45,33955.0,11.0,0.6578,0,8.0,0.0,0.3636,0
36-45,31353.0,4.0,0.3317,0,8.0,0.0,0.5,1
26-35,55434.0,21.0,1.4141,0,4.0,0.0,0.1429,0
26-35,28359.0,3.0,0.2124,0,7.0,0.0,0.3333,0
26-35,57100.0,12.0,1.609,0,3.0,0.0,0.1667,0
46-55,69139.0,10.0,0.9005,0,4.0,0.0,0.1,0
56+,52973.0,24.0,0.933,0,8.0,0.0,0.2917,0
46-55,51717.0,7.0,0.4278,1,7.0,0.2,0.1429,0
36-45,18793.0,6.0,0.2544,0,8.0,0.0,0.5,0
26-35,66664.0,18.0,0.6625,0,3.0,0.0,0.0556,0
46-55,50664.0,15.0,0.6394,0,9.0,0.0,0.6,0
46-55,54414.0,9.0,0.3875,0,4.0,0.0,0.4444,0
56+,54549.0,10.0,1.0045,0,7.0,0.0,0.2,0
36-45,47111.0,15.0,0.541,0,9.0,0.0,0.4,0
46-55,41003.0,16.0,0.7446,0,6.0,0.0,0.0625,0
26-35,19444.0,7.0,0.6829,0,7.0,0.0,0.4286,1
36-45,36301.0,6.0,0.4227,0,7.0,0.0,0.1667,0
56+,73059.0,25.0,1.5625,0,4.0,0.0,0.04,0
36-45,42731.0,10.0,0.6981,0,5.0,0.0,0.3,0
46-55,52854.0,7.0,0.7555,0,5.0,0.0,0.2857,0
36-45,22775.0,3.0,0.1631,0,8.0,0.0,0.3333,0
56+,46681.0,14.0,0.9491,0,5.0,0.0,0.1429,0
56+,59821.0,20.0,0.9693,0,8.0,0.0,0.3,0
56+,50002.0,17.0,0.9207,0,7.0,0.0,0.1176,0
56+,69755.0,21.0,1.4048,0,1.0,0.0,0.0476,0
36-45,44078.0,5.0,0.7804,0,5.0,0.0,0.4,0
36-45,30560.0,4.0,0.2206,0,7.0,0.0,0.25,0
36-45,35924.0,4.0,0.4302,0,5.0,0.0,0.25,0
46-55,64140.0,13.0,0.8528,1,5.0,0.6,0.3846,1
26-35,56386.0,17.0,0.6509,0,9.0,0.0,0.4706,0
26-35,24594.0,4.0,0.3154,0,5.0,0.0,0.25,0
26-35,75774.0,20.0,2.5051,0,4.0,0.0,0.05,0
46-55,39228.0,3.0,0.1522,0,4.0,0.0,0.3333,0
36-45,58494.0,14.0,1.1097,0,6.0,0.0,0.1429,0
26-35,58684.0,20.0,3.0745,1,2.0,0.2,0.05,0
46-55,57136.0,19.0,0.9769,0,6.0,0.0,0.0526,1
56+,56551.0,7.0,0.8952,0,4.0,0.0,0.4286,0
26-35,22448.0,6.0,0.5929,0,3.0,0.0,0.5,0
46-55,82014.0,21.0,0.7407,0,6.0,0.0,0.0476,1
46-55,34213.0,6.0,0.2161,0,9.0,0.0,0.5,1
36-45,157146.0,28.0,1.3948,0,1.0,0.0,0.0,0
56+,25358.0,4.0,0.231,0,6.0,0.0,0.5,0
36-45,35544.0,5.0,0.5107,0,7.0,0.0,0.2,0
56+,36634.0,12.0,0.6276,0,7.0,0.0,0.25,0
56+,62670.0,21.0,1.9253,0,3.0,0.0,0.0476,0
36-45,50334.0,17.0,0.9856,0,6.0,0.0,0.3529,0
26-35,72066.0,16.0,2.5497,1,2.0,0.4,0.0625,1
56+,50729.0,15.0,0.7509,0,6.0,0.0,0.6,0
46-55,34916.0,9.0,0.4604,0,9.0,0.0,0.4444,0
36-45,64892.0,22.0,3.1001,0,4.0,0.0,0.0909,0
46-55,43602.0,6.0,0.5144,0,6.0,0.0,0.5,0
18-25,33996.0,5.0,0.3197,0,4.0,0.0,0.2,0
26-35,41473.0,5.0,0.2718,0,7.0,0.0,0.2,0
46-55,63246.0,21.0,1.2835,0,4.0,0.0,0.0476,0
46-55,36732.0,6.0,0.4976,0,2.0,0.0,0.5,0
36-45,69084.0,23.0,1.7201,0,8.0,0.0,0.087,0
46-55,77766.0,32.0,1.4387,1,6.0,0.2,0.0625,1
26-35,37929.0,11.0,0.6451,1,7.0,0.4,0.1818,1
56+,86610.0,17.0,1.0735,0,2.0,0.0,0.0588,0
26-35,80141.0,21.0,0.889,1,6.0,0.2,0.0476,1
56+,72635.0,20.0,1.0569,1,3.0,0.2,0.05,0
36-45,69016.0,30.0,1.1874,0,5.0,0.0,0.1333,0
18-25,20193.0,6.0,0.2394,0,4.0,0.0,0.1667,0
36-45,27573.0,10.0,0.4712,0,8.0,0.0,0.4,0
26-35,15862.0,4.0,0.2206,0,8.0,0.0,0.25,0
36-45,49544.0,14.0,0.6203,0,7.0,0.0,0.1429,0
26-35,33228.0,5.0,0.445,0,7.0,0.0,0.2,0
36-45,70440.0,22.0,1.4914,1,3.0,0.2,0.0455,0
36-45,38232.0,7.0,0.6122,0,5.0,0.0,0.5714,0
56+,22554.0,6.0,0.2318,0,5.0,0.0,0.6667,0
26-35,23536.0,3.0,0.4348,0,3.0,0.0,0.3333,0
56+,49413.0,11.0,0.775,0,5.0,0.0,0.1818,0
36-45,42231.0,4.0,0.4333,0,5.0,0.0,0.25,0
26-35,78789.0,15.0,0.5218,0,2.0,0.0,0.0667,1
46-55,56534.0,21.0,1.2152,1,8.0,0.4,0.1905,1
36-45,58350.0,23.0,0.9643,0,6.0,0.0,0.1739,0
18-25,81217.0,21.0,1.206,0,1.0,0.0,0.0476,0
56+,49090.0,18.0,1.0337,0,7.0,0.0,0.1667,0
26-35,61787.0,18.0,1.009,0,5.0,0.0,0.0556,0
26-35,18169.0,3.0,0.1343,0,8.0,0.0,0.3333,0
26-35,24336.0,3.0,0.1067,0,7.0,0.0,0.3333,0
18-25,18222.0,5.0,0.2085,0,8.0,0.0,0.2,0
56+,62335.0,19.0,0.9852,0,2.0,0.0,0.1053,0
36-45,42033.0,3.0,0.1096,0,7.0,0.0,0.3333,0
26-35,86580.0,11.0,0.4982,1,1.0,0.2,0.0,0
56+,41437.0,4.0,0.1467,0,7.0,0.0,0.25,0
56+,73705.0,23.0,2.3258,0,5.0,0.0,0.087,0
36-45,61064.0,23.0,0.8217,0,6.0,0.0,0.2174,0
56+,38452.0,6.0,0.6617,0,7.0,0.0,0.5,0
18-25,18358.0,7.0,0.5248,0,7.0,0.0,0.4286,0
36-45,55012.0,19.0,2.0292,0,5.0,0.0,0.3158,0
36-45,9722.0,7.0,0.2598,0,8.0,0.0,0.5714,1
26-35,38175.0,8.0,0.5248,0,7.0,0.0,0.375,0
56+,58656.0,28.0,1.0243,1,6.0,0.2,0.1429,0
46-55,52117.0,11.0,0.3862,0,7.0,0.0,0.1818,0
36-45,64813.0,19.0,1.5931,0,5.0,0.0,0.0526,0
36-45,54222.0,11.0,1.0977,0,3.0,0.0,0.0909,0
26-35,83512.0,21.0,3.2446,1,1.0,0.8,0.0476,1
46-55,77520.0,22.0,1.3666,1,4.0,0.6,0.0455,1
36-45,41154.0,5.0,0.2412,0,5.0,0.0,0.2,0
46-55,80398.0,25.0,0.9743,1,3.0,0.2,0.04,0
18-25,18746.0,6.0,0.8455,0,6.0,0.0,0.3333,0
26-35,35196.0,12.0,0.4695,0,8.0,0.0,0.5,0
56+,60230.0,15.0,0.7738,0,5.0,0.0,0.1333,0
36-45,22108.0,5.0,0.6421,0,7.0,0.0,0.4,0
36-45,44392.0,9.0,0.5683,0,7.0,0.0,0.5556,0
36-45,55424.0,21.0,0.8344,1,6.0,0.2,0.1905,1
26-35,17688.0,3.0,0.1274,0,8.0,0.0,0.3333,0
26-35,92491.0,24.0,1.1995,1,3.0,0.6,0.0417,1
18-25,90273.0,18.0,1.4342,1,2.0,0.6,0.0556,1
46-55,82571.0,24.0,2.6758,1,2.0,0.2,0.0,0
26-35,38513.0,12.0,1.0838,0,8.0,0.0,0.4167,1
26-35,16653.0,6.0,0.7106,0,6.0,0.0,0.5,1
56+,42586.0,11.0,0.4222,0,8.0,0.0,0.4545,1
46-55,23529.0,4.0,0.1684,0,6.0,0.0,0.25,0
46-55,74881.0,23.0,1.0559,0,5.0,0.0,0.1739,0
56+,71107.0,26.0,1.1604,0,4.0,0.0,0.0769,0
46-55,46910.0,5.0,0.5378,0,6.0,0.0,0.4,0
46-55,18690.0,4.0,0.1661,0,8.0,0.0,0.25,0
56+,37244.0,4.0,0.1986,1,7.0,0.2,0.25,0
46-55,82427.0,20.0,2.0706,1,1.0,0.2,0.05,0
56+,75342.0,17.0,0.8567,0,4.0,0.0,0.0588,0
56+,70044.0,22.0,0.9833,0,5.0,0.0,0.1818,0
46-55,79146.0,17.0,2.0615,0,6.0,0.0,0.1176,0
46-55,77437.0,22.0,1.6741,1,1.0,0.2,0.0455,0
46-55,54984.0,13.0,1.7904,1,7.0,0.2,0.3077,0
36-45,42403.0,4.0,0.3162,0,8.0,0.0,0.25,0
46-55,55761.0,8.0,0.9701,1,6.0,0.2,0.25,0
26-35,37292.0,14.0,0.6851,0,8.0,0.0,0.3571,0
56+,45576.0,7.0,0.9819,0,8.0,0.0,0.1429,1
56+,70321.0,24.0,1.0231,0,4.0,0.0,0.0417,1
36-45,58086.0,21.0,0.9003,0,8.0,0.0,0.0952,0
56+,81795.0,22.0,0.8412,0,2.0,0.0,0.0455,0
56+,28389.0,3.0,0.1184,0,7.0,0.0,0.3333,0
56+,66835.0,23.0,1.5252,0,2.0,0.0,0.0435,0
36-45,69901.0,20.0,1.0478,0,5.0,0.0,0.15,0
56+,80360.0,13.0,0.5923,1,2.0,0.6,0.1538,0
46-55,63342.0,16.0,0.6042,1,6.0,0.2,0.1875,1
36-45,44989.0,11.0,0.3986,0,6.0,0.0,0.4545,0
26-35,31859.0,4.0,0.3966,0,7.0,0.0,0.25,0
56+,51569.0,15.0,0.6646,1,8.0,0.2,0.2667,1
36-45,30372.0,5.0,0.2068,0,7.0,0.0,0.6,0
26-35,16014.0,6.0,0.2792,0,3.0,0.0,0.6667,0
46-55,41120.0,6.0,0.4348,0,6.0,0.0,0.5,0
36-45,39763.0,8.0,0.4737,0,9.0,0.0,0.25,1
56+,38725.0,5.0,0.6476,0,4.0,0.0,0.4,0
36-45,77981.0,18.0,0.9381,0,5.0,0.0,0.1667,0
46-55,62905.0,17.0,1.0848,0,4.0,0.0,0.1765,0
26-35,13533.0,5.0,0.2302,0,7.0,0.0,0.4,0
36-45,59481.0,14.0,0.9819,0,2.0,0.0,0.1429,0
36-45,72117.0,25.0,1.528,0,5.0,0.0,0.04,0
26-35,21955.0,6.0,0.3805,0,6.0,0.0,0.3333,0
56+,67131.0,23.0,1.0854,0,6.0,0.0,0.1304,0
26-35,36802.0,4.0,0.6149,0,5.0,0.0,0.25,0
26-35,71853.0,16.0,0.809,0,1.0,0.0,0.0625,0
46-55,28249.0,5.0,0.7648,0,6.0,0.0,0.2,0
36-45,47808.0,8.0,0.5572,1,7.0,0.2,0.25,0
36-45,25509.0,6.0,0.219,0,9.0,0.0,0.5,1
56+,51012.0,9.0,0.4404,0,6.0,0.0,0.1111,0
26-35,70596.0,20.0,0.7451,0,2.0,0.0,0.05,0
56+,85431.0,16.0,0.8529,0,0.0,0.0,0.0625,0
46-55,42664.0,4.0,0.4227,0,6.0,0.0,0.25,0
56+,42586.0,11.0,0.4222,0,8.0,0.0,0.4545,1
26-35,29760.0,8.0,0.2851,0,8.0,0.0,0.5,0
36-45,28973.0,11.0,0.4139,0,8.0,0.0,0.1818,0
36-45,39435.0,6.0,0.3567,0,7.0,0.0,0.1667,0
26-35,65370.0,18.0,1.0597,0,1.0,0.0,0.0556,0
26-35,20194.0,5.0,0.2046,0,6.0,0.0,0.4,0
36-45,42473.0,7.0,0.6721,0,5.0,0.0,0.4286,0
46-55,64590.0,23.0,0.8664,0,6.0,0.0,0.0435,0
46-55,71232.0,23.0,1.759,0,7.0,0.0,0.087,0
36-45,34600.0,12.0,0.501,0,8.0,0.0,0.4167,1
46-55,46904.0,10.0,0.3863,0,8.0,0.0,0.4,0
36-45,49094.0,15.0,0.5494,0,6.0,0.0,0.3333,0
26-35,36075.0,6.0,0.4719,0,6.0,0.0,0.1667,0
26-35,60839.0,16.0,0.5696,0,8.0,0.0,0.8125,0
26-35,77298.0,23.0,1.6511,0,3.0,0.0,0.0435,0
56+,34026.0,6.0,0.356,0,5.0,0.0,0.5,0
46-55,48918.0,5.0,0.5787,0,4.0,0.0,0.4,0
46-55,82122.0,25.0,1.5128,1,1.0,0.2,0.04,0
36-45,37697.0,6.0,0.5585,0,6.0,0.0,0.1667,0
56+,34074.0,9.0,0.5111,1,6.0,0.2,0.5556,0
46-55,28520.0,4.0,0.2155,0,6.0,0.0,0.25,0
56+,62535.0,13.0,0.8716,0,3.0,0.0,0.0769,0
36-45,36273.0,6.0,0.7051,0,6.0,0.0,0.3333,0
46-55,63404.0,13.0,1.9023,1,4.0,0.2,0.1538,0
26-35,75774.0,20.0,2.5051,0,4.0,0.0,0.05,0
36-45,78416.0,24.0,3.9064,0,3.0,0.0,0.0833,0
36-45,75702.0,28.0,1.0548,1,6.0,0.2,0.0357,0
56+,59385.0,8.0,0.3979,0,5.0,0.0,0.25,0
46-55,37070.0,14.0,0.6546,0,7.0,0.0,0.6429,1
56+,44689.0,4.0,0.343,1,7.0,0.2,0.5,0
56+,53977.0,22.0,1.1727,0,5.0,0.0,0.2273,0
46-55,7144.0,25.0,1.9561,0,0.0,0.0,0.0,0
46-55,18701.0,6.0,0.3176,0,5.0,0.0,0.6667,0
56+,90369.0,16.0,1.9717,0,1.0,0.0,0.0625,1
36-45,63159.0,16.0,0.6196,1,3.0,0.2,0.0625,0
46-55,37758.0,4.0,0.1488,0,8.0,0.0,0.5,0
46-55,46757.0,15.0,0.5891,0,9.0,0.0,0.4,0
36-45,79734.0,13.0,2.1274,1,1.0,0.2,0.0769,0
18-25,63207.0,11.0,0.4716,1,7.0,0.2,0.0909,0
56+,72071.0,17.0,0.7554,0,2.0,0.0,0.1765,0
26-35,21840.0,4.0,0.2306,0,9.0,0.0,0.25,0
26-35,58582.0,20.0,1.3263,1,5.0,0.2,0.1,0
56+,72282.0,21.0,1.206,0,7.0,0.0,0.0476,1
56+,50387.0,16.0,1.0,0,5.0,0.0,0.1875,0
46-55,32583.0,3.0,0.4589,0,7.0,0.0,0.3333,0
46-55,62568.0,13.0,1.4764,1,4.0,0.2,0.2308,0
36-45,44635.0,5.0,0.3412,0,7.0,0.0,0.4,0
36-45,33316.0,7.0,0.4703,0,6.0,0.0,0.4286,0
46-55,63967.0,20.0,1.196,0,2.0,0.0,0.15,0
36-45,52513.0,23.0,0.8255,0,7.0,0.0,0.087,0
36-45,25293.0,4.0,0.2579,0,8.0,0.0,0.25,0
46-55,54111.0,13.0,0.8026,0,5.0,0.0,0.1538,0
26-35,78394.0,15.0,0.6675,0,2.0,0.0,0.0667,1
56+,80739.0,23.0,1.1926,0,1.0,0.0,0.0435,0
36-45,22669.0,7.0,0.3624,0,9.0,0.0,0.4286,1
26-35,29236.0,7.0,0.4745,0,9.0,0.0,0.2857,0
46-55,44911.0,9.0,0.4176,0,7.0,0.0,0.3333,0
46-55,54693.0,23.0,1.0265,0,6.0,0.0,0.3478,0
36-45,48186.0,9.0,0.9578,0,7.0,0.0,0.3333,0
36-45,54809.0,8.0,0.5116,0,4.0,0.0,0.5,1
36-45,41580.0,6.0,0.2432,0,5.0,0.0,0.5,0
36-45,80336.0,24.0,1.5282,0,1.0,0.0,0.0417,0
56+,47743.0,11.0,0.5159,1,6.0,0.2,0.2727,0
56+,62972.0,14.0,0.4842,0,6.0,0.0,0.1429,0
56+,57333.0,22.0,0.8068,0,6.0,0.0,0.5,1
26-35,32313.0,8.0,0.3539,0,9.0,0.0,0.375,0
56+,84953.0,17.0,0.8983,1,2.0,0.6,0.0588,1
46-55,27071.0,5.0,0.6039,0,6.0,0.0,0.4,0
56+,68148.0,14.0,0.875,0,2.0,0.0,0.0714,0
46-55,65735.0,14.0,1.0954,0,7.0,0.0,0.3571,0
36-45,86836.0,22.0,0.7972,1,5.0,0.6,0.0455,1
46-55,4023.0,0.0,0.0,0,19.0,0.0,0.0,0
18-25,30093.0,5.0,0.2813,0,7.0,0.0,0.2,0
46-55,57705.0,15.0,1.2897,0,6.0,0.0,0.2,0
26-35,25008.0,4.0,0.3667,0,8.0,0.0,0.5,0
18-25,83257.0,27.0,0.9854,1,6.0,0.4,0.037,1
36-45,22280.0,3.0,0.1545,0,8.0,0.0,0.3333,0
36-45,72159.0,20.0,0.7677,0,2.0,0.0,0.05,0
46-55,64260.0,13.0,0.5503,0,3.0,0.0,0.0769,1
26-35,82733.0,19.0,1.2124,0,4.0,0.0,0.0526,1
36-45,74290.0,28.0,1.6843,1,6.0,0.4,0.1429,0
56+,58217.0,6.0,0.2359,0,6.0,0.0,0.1667,0
36-45,21024.0,6.0,0.3351,0,7.0,0.0,0.1667,0
36-45,70116.0,22.0,0.9512,0,1.0,0.0,0.0455,0
26-35,54006.0,16.0,0.5839,0,7.0,0.0,0.125,0
46-55,69063.0,13.0,0.5047,0,3.0,0.0,0.0769,0
36-45,11448.0,3.0,0.2397,0,6.0,0.0,0.3333,0
26-35,61825.0,14.0,0.8339,0,4.0,0.0,0.0714,0
36-45,70886.0,13.0,0.8932,0,2.0,0.0,0.0769,0
26-35,69109.0,19.0,0.7395,1,4.0,0.2,0.0526,1
36-45,60208.0,18.0,0.6722,1,7.0,0.2,0.6111,1
46-55,32889.0,6.0,0.3797,0,5.0,0.0,0.5,0
26-35,34738.0,4.0,0.5203,0,6.0,0.0,0.25,0
36-45,30538.0,13.0,0.482,0,10.0,0.0,0.3077,0
36-45,82326.0,21.0,2.1594,1,2.0,0.6,0.0476,1
46-55,26642.0,5.0,0.499,0,6.0,0.0,0.4,0
46-55,69932.0,24.0,1.2884,0,4.0,0.0,0.0833,0
36-45,44503.0,5.0,0.5876,0,6.0,0.0,0.4,0
56+,60200.0,19.0,0.7944,0,6.0,0.0,0.3158,0
56+,49638.0,4.0,0.4756,0,2.0,0.0,0.25,0
26-35,23830.0,4.0,0.3723,0,7.0,0.0,0.25,0
46-55,33051.0,18.0,0.6319,0,9.0,0.0,0.1667,1
56+,72905.0,19.0,1.6811,1,1.0,0.2,0.0526,0
56+,69702.0,24.0,1.0743,0,4.0,0.0,0.0833,0
36-45,70300.0,23.0,1.311,0,8.0,0.0,0.1304,0
26-35,70643.0,17.0,0.6412,0,6.0,0.0,0.0588,1
36-45,30396.0,4.0,0.4969,1,7.0,0.2,0.5,1
46-55,50616.0,8.0,0.9475,0,7.0,0.0,0.25,0
36-45,62772.0,22.0,1.133,1,2.0,0.2,0.0455,0
26-35,30298.0,5.0,0.6734,0,3.0,0.0,0.2,0
26-35,52413.0,15.0,0.5794,0,7.0,0.0,0.1333,0
56+,44155.0,4.0,0.3519,0,4.0,0.0,0.25,0
36-45,86979.0,15.0,1.0896,1,2.0,0.2,0.0667,1
36-45,76532.0,21.0,1.3372,0,5.0,0.0,0.1905,0
26-35,42081.0,13.0,0.5879,1,6.0,0.2,0.1538,0
26-35,67546.0,19.0,0.6788,0,3.0,0.0,0.0526,0
18-25,88420.0,19.0,2.3799,1,1.0,0.6,0.0526,0
26-35,31158.0,5.0,0.2165,0,8.0,0.0,0.4,0
46-55,61671.0,20.0,2.8851,1,8.0,0.4,0.4,0
36-45,69719.0,10.0,1.3898,0,1.0,0.0,0.1,0
56+,49160.0,10.0,0.6965,0,6.0,0.0,0.2,0
36-45,24882.0,4.0,0.1444,1,6.0,0.2,0.25,0
56+,90933.0,14.0,1.5495,1,1.0,0.2,0.0714,0
56+,113734.0,27.0,3.7872,0,1.0,0.0,0.0,0
56+,59292.0,16.0,0.8604,0,3.0,0.0,0.125,0
46-55,45759.0,5.0,0.2251,0,7.0,0.0,0.4,0
26-35,22148.0,4.0,0.4647,0,7.0,0.0,0.25,0
26-35,73395.0,14.0,1.4796,0,2.0,0.0,0.0714,0
36-45,29819.0,6.0,0.4218,0,6.0,0.0,0.5,0
46-55,45688.0,12.0,1.0743,1,4.0,0.2,0.1667,0
56+,62820.0,13.0,0.6606,0,1.0,0.0,0.0769,0
36-45,60491.0,24.0,1.5187,0,5.0,0.0,0.1667,0
26-35,33235.0,6.0,0.5551,0,7.0,0.0,0.1667,0
46-55,35701.0,4.0,0.1867,0,6.0,0.0,0.25,0
26-35,31535.0,4.0,0.2641,1,7.0,0.2,0.25,0
46-55,92556.0,21.0,2.5066,0,0.0,0.0,0.0,0
36-45,67384.0,20.0,0.7794,1,5.0,0.2,0.1,0
36-45,80573.0,23.0,0.8664,0,2.0,0.0,0.0435,0
46-55,77870.0,15.0,0.5303,1,8.0,0.4,0.2,1
46-55,52278.0,25.0,1.0793,0,8.0,0.0,0.24,0
46-55,57107.0,16.0,0.5669,1,8.0,0.4,0.4375,1
18-25,18929.0,5.0,0.2228,0,6.0,0.0,0.2,0
26-35,36038.0,6.0,0.3154,0,6.0,0.0,0.3333,0
36-45,20180.0,7.0,0.3138,0,7.0,0.0,0.1429,0
46-55,34230.0,3.0,0.1242,0,7.0,0.0,0.3333,0
36-45,31878.0,5.0,0.7926,0,3.0,0.0,0.2,0
36-45,70932.0,20.0,1.7594,0,3.0,0.0,0.1,0
56+,91249.0,22.0,0.8349,1,4.0,0.8,0.0,1
56+,77598.0,25.0,1.6687,1,3.0,0.2,0.04,0
46-55,80982.0,27.0,1.1382,0,5.0,0.0,0.1111,0
36-45,22701.0,4.0,0.2526,0,5.0,0.0,0.25,0
36-45,55212.0,17.0,0.6737,1,8.0,0.4,0.1765,0
36-45,70617.0,13.0,0.7117,0,2.0,0.0,0.0769,0
56+,64849.0,18.0,0.7042,0,5.0,0.0,0.0556,1
46-55,62694.0,19.0,1.029,0,7.0,0.0,0.2632,0
36-45,61917.0,6.0,0.4498,0,5.0,0.0,0.1667,0
56+,67472.0,13.0,0.8621,0,3.0,0.0,0.1538,0
26-35,21059.0,6.0,0.5101,0,6.0,0.0,0.5,0
46-55,29543.0,6.0,0.6665,0,7.0,0.0,0.3333,0
56+,75903.0,21.0,1.0114,0,3.0,0.0,0.0952,0
36-45,34984.0,4.0,0.1439,0,7.0,0.0,0.5,0
56+,54998.0,15.0,0.6907,0,4.0,0.0,0.3333,1
56+,54356.0,21.0,0.828,0,8.0,0.0,0.1429,1
46-55,34242.0,3.0,0.3227,0,5.0,0.0,0.3333,0
36-45,25410.0,5.0,0.3125,0,4.0,0.0,0.2,0
26-35,73356.0,21.0,1.9487,1,2.0,0.6,0.0476,1
56+,28320.0,4.0,0.17,0,8.0,0.0,0.25,0
36-45,23763.0,4.0,0.139,0,7.0,0.0,0.25,0
26-35,72570.0,22.0,2.6785,0,1.0,0.0,0.0455,0
36-45,34529.0,7.0,0.2543,0,7.0,0.0,0.2857,0
56+,70792.0,17.0,0.7467,0,3.0,0.0,0.1176,0
26-35,63211.0,18.0,0.6944,0,2.0,0.0,0.1111,1
36-45,83891.0,21.0,3.2948,0,1.0,0.0,0.0476,0
46-55,36065.0,6.0,0.2854,0,8.0,0.0,0.5,0
56+,39898.0,7.0,0.3101,0,7.0,0.0,0.2857,0
56+,51141.0,8.0,0.4501,0,5.0,0.0,0.125,0
36-45,56939.0,16.0,1.0384,0,3.0,0.0,0.125,0
56+,80872.0,18.0,2.3514,0,1.0,0.0,0.0556,0
36-45,72335.0,22.0,0.7697,0,8.0,0.0,0.0455,1
46-55,61798.0,15.0,1.1329,0,4.0,0.0,0.0667,0
56+,76842.0,16.0,2.0124,0,0.0,0.0,0.0625,0
36-45,29478.0,4.0,0.3499,0,6.0,0.0,0.25,0
56+,46998.0,13.0,0.4946,1,7.0,0.2,0.3846,0
18-25,96843.0,27.0,1.3319,1,2.0,0.2,0.037,1
56+,56551.0,7.0,0.8952,0,4.0,0.0,0.4286,0
46-55,70053.0,23.0,1.2822,0,5.0,0.0,0.1304,0
46-55,71670.0,14.0,0.7891,1,6.0,0.6,0.0714,1
36-45,44359.0,6.0,0.927,0,3.0,0.0,0.5,0
56+,40887.0,7.0,0.3528,0,9.0,0.0,0.4286,1
46-55,48877.0,7.0,0.5918,0,7.0,0.0,0.1429,0
56+,74485.0,25.0,1.5404,0,3.0,0.0,0.04,0
36-45,64474.0,20.0,1.3994,0,5.0,0.0,0.1,0
46-55,77226.0,26.0,2.5862,0,3.0,0.0,0.0769,0
56+,72643.0,20.0,0.9059,1,2.0,0.2,0.05,1
36-45,85738.0,20.0,1.78,1,1.0,0.4,0.05,0
46-55,55686.0,14.0,0.6221,1,4.0,0.2,0.1429,0
26-35,39062.0,4.0,0.4333,1,4.0,0.2,0.25,0
36-45,34600.0,12.0,0.501,0,8.0,0.0,0.4167,1
36-45,40794.0,14.0,0.6732,0,7.0,0.0,0.1429,0
36-45,54690.0,9.0,0.6538,0,3.0,0.0,0.3333,0
36-45,4428.0,25.0,1.6835,0,1.0,0.0,0.0,0
46-55,32632.0,16.0,0.5528,0,5.0,0.0,0.125,0
46-55,38236.0,7.0,0.4562,0,7.0,0.0,0.5714,0
26-35,36781.0,5.0,0.5743,0,8.0,0.0,0.2,1
26-35,31385.0,3.0,0.1208,1,8.0,0.2,0.3333,1
26-35,24570.0,8.0,0.3624,0,9.0,0.0,0.375,0
36-45,25509.0,6.0,0.219,0,9.0,0.0,0.5,1
56+,94642.0,21.0,1.9851,1,1.0,0.4,0.0,0
46-55,58646.0,7.0,0.3745,0,4.0,0.0,0.1429,0
36-45,53201.0,14.0,0.6203,0,7.0,0.0,0.5714,0
56+,21994.0,3.0,0.1239,0,5.0,0.0,0.3333,0
36-45,57113.0,10.0,0.4392,0,7.0,0.0,0.6,0
18-25,51373.0,11.0,0.6011,0,4.0,0.0,0.0909,0
26-35,23477.0,7.0,0.4887,0,8.0,0.0,0.4286,0
56+,58116.0,14.0,1.6264,0,2.0,0.0,0.1429,0
46-55,72968.0,18.0,1.4418,1,3.0,0.2,0.0556,1
36-45,39791.0,8.0,0.3787,0,7.0,0.0,0.25,0
56+,91712.0,27.0,1.8678,1,3.0,0.2,0.0,1
56+,94472.0,15.0,1.6785,1,5.0,0.4,0.0667,0
46-55,13672.0,4.0,0.1954,0,8.0,0.0,0.5,0
26-35,96547.0,21.0,2.8792,1,2.0,0.6,0.0,1
36-45,79205.0,15.0,0.5346,1,4.0,0.2,0.0667,1
36-45,56559.0,15.0,0.6203,0,4.0,0.0,0.2,0
36-45,32644.0,14.0,0.5968,1,8.0,0.2,0.2857,0
26-35,67506.0,11.0,0.9223,0,3.0,0.0,0.0909,0
36-45,24206.0,4.0,0.1836,0,6.0,0.0,0.25,0
46-55,28420.0,3.0,0.2455,0,6.0,0.0,0.3333,0
36-45,22979.0,7.0,0.2518,0,8.0,0.0,0.4286,1
46-55,33279.0,3.0,0.452,0,3.0,0.0,0.3333,0
36-45,46423.0,6.0,0.3894,0,7.0,0.0,0.5,0
36-45,30368.0,5.0,0.3632,0,8.0,0.0,0.4,0
36-45,63684.0,20.0,0.7958,0,5.0,0.0,0.15,0
46-55,41638.0,13.0,0.5768,1,8.0,0.2,0.3077,0
46-55,68805.0,11.0,0.7124,0,2.0,0.0,0.0909,0
46-55,65814.0,20.0,2.0025,0,5.0,0.0,0.15,0
56+,71964.0,16.0,0.8254,0,3.0,0.0,0.0625,0
26-35,39146.0,8.0,0.3555,0,8.0,0.0,0.375,0
36-45,96876.0,23.0,1.3673,1,2.0,0.6,0.0435,1
26-35,34445.0,21.0,0.9092,0,9.0,0.0,0.2857,0
56+,68281.0,24.0,0.8339,0,5.0,0.0,0.0417,1
36-45,37284.0,3.0,0.1422,0,6.0,0.0,0.3333,0
26-35,36790.0,5.0,0.2271,0,9.0,0.0,0.2,1
46-55,27943.0,5.0,0.2435,0,8.0,0.0,0.6,0
56+,22263.0,4.0,0.4411,0,6.0,0.0,0.5,0
36-45,30261.0,3.0,0.1104,0,8.0,0.0,0.3333,0
36-45,28587.0,6.0,0.5672,0,6.0,0.0,0.5,0
26-35,43815.0,5.0,0.2397,0,6.0,0.0,0.2,0
56+,48195.0,11.0,0.9733,0,6.0,0.0,0.5455,0
56+,77027.0,17.0,1.5728,0,4.0,0.0,0.1176,0
46-55,71322.0,26.0,1.1587,0,4.0,0.0,0.0769,0
26-35,32765.0,6.0,0.5872,0,5.0,0.0,0.3333,0
46-55,29672.0,3.0,0.1386,0,6.0,0.0,0.3333,0
56+,23272.0,4.0,0.2767,0,4.0,0.0,0.25,0
56+,49912.0,22.0,0.7925,1,8.0,0.2,0.1818,1
26-35,7500.0,6.0,0.2071,0,9.0,0.0,0.6667,0
56+,68117.0,23.0,1.0591,1,6.0,0.2,0.087,1
56+,67225.0,20.0,1.5219,0,5.0,0.0,0.15,0
36-45,17649.0,6.0,0.4411,0,8.0,0.0,0.5,0
36-45,55914.0,25.0,1.2454,0,7.0,0.0,0.16,0
26-35,40059.0,11.0,0.7294,1,8.0,0.2,0.0909,0
56+,60905.0,13.0,1.012,0,2.0,0.0,0.1538,0
36-45,75330.0,25.0,0.9302,0,6.0,0.0,0.16,0
56+,60689.0,18.0,0.9479,0,3.0,0.0,0.2222,0
26-35,38680.0,5.0,0.2367,0,7.0,0.0,0.2,0
26-35,61416.0,23.0,1.0131,1,6.0,0.2,0.0435,0
18-25,49767.0,17.0,0.851,0,4.0,0.0,0.0588,0
36-45,83273.0,19.0,0.6993,0,7.0,0.0,0.5263,0
26-35,29009.0,5.0,0.3833,0,6.0,0.0,0.4,0
26-35,45057.0,5.0,0.3853,0,5.0,0.0,0.2,0
36-45,37150.0,13.0,0.4705,0,7.0,0.0,0.6154,0
36-45,43020.0,9.0,0.6918,0,6.0,0.0,0.3333,0
46-55,53154.0,8.0,1.1878,0,4.0,0.0,0.125,0
36-45,65308.0,27.0,1.7265,1,4.0,0.4,0.037,0
36-45,76467.0,12.0,0.4218,0,6.0,0.0,0.1667,1
56+,81044.0,21.0,1.7322,0,1.0,0.0,0.0476,0
56+,32871.0,4.0,0.1839,0,4.0,0.0,0.25,0
36-45,55801.0,15.0,0.9819,1,7.0,0.2,0.4,0
46-55,76320.0,13.0,2.0609,0,2.0,0.0,0.1538,0
56+,36927.0,6.0,0.8614,0,8.0,0.0,0.3333,0
56+,48794.0,4.0,0.6476,0,4.0,0.0,0.25,0
46-55,23478.0,6.0,0.2801,0,8.0,0.0,0.1667,0
36-45,71128.0,24.0,0.8952,0,7.0,0.0,0.125,0
36-45,70179.0,23.0,1.3259,0,5.0,0.0,0.1304,0
56+,59462.0,23.0,0.9656,0,7.0,0.0,0.087,0
36-45,,18.0,0.9255,0,3.0,0.0,0.3889,0
36-45,38361.0,7.0,0.5774,0,7.0,0.0,0.4286,0
26-35,,6.0,0.3154,0,6.0,0.0,0.3333,0
26-35,70038.0,16.0,1.1273,0,2.0,0.0,0.0625,0
36-45,42554.0,5.0,0.212,0,4.0,0.0,0.4,0
36-45,67445.0,27.0,0.9435,0,6.0,0.0,0.1852,0
56+,67046.0,13.0,0.5465,0,2.0,0.0,0.1538,0
56+,42192.0,6.0,0.3797,0,4.0,0.0,0.1667,0
56+,77610.0,15.0,0.5757,0,7.0,0.0,0.1333,0
26-35,31761.0,7.0,0.7891,0,5.0,0.0,0.2857,0
26-35,34350.0,4.0,0.278,0,7.0,0.0,0.25,0
56+,54591.0,16.0,0.9493,0,5.0,0.0,0.1875,0
56+,71866.0,19.0,1.5588,0,3.0,0.0,0.0526,0
36-45,25293.0,4.0,0.2579,0,8.0,0.0,0.25,0
26-35,42000.0,18.0,0.7609,0,5.0,0.0,0.1111,1
26-35,69520.0,20.0,1.1232,0,5.0,0.0,0.05,0
36-45,64713.0,17.0,1.5824,0,4.0,0.0,0.1176,1
36-45,27889.0,4.0,0.2238,0,6.0,0.0,0.25,0
46-55,22123.0,6.0,0.6546,0,5.0,0.0,0.1667,0
36-45,,6.0,0.2734,0,8.0,0.0,0.6667,0
56+,,9.0,0.4927,0,6.0,0.0,0.2222,0
36-45,27803.0,7.0,0.2486,0,8.0,0.0,0.2857,0
56+,,12.0,0.832,0,7.0,0.0,0.25,0
46-55,51651.0,13.0,0.5047,0,8.0,0.0,0.3077,0
26-35,68487.0,29.0,1.2311,0,4.0,0.0,0.0345,0
56+,,21.0,1.4969,1,1.0,0.2,0.0476,1
36-45,56796.0,24.0,1.0695,0,7.0,0.0,0.125,0
18-25,87000.0,17.0,0.6936,0,2.0,0.0,0.0588,0
46-55,79823.0,22.0,2.435,1,2.0,0.2,0.0455,0
26-35,30828.0,6.0,0.4031,0,3.0,0.0,0.3333,0
36-45,34109.0,3.0,0.2174,0,4.0,0.0,0.3333,0
36-45,53367.0,14.0,0.875,0,7.0,0.0,0.5,1
36-45,22390.0,3.0,0.2094,0,7.0,0.0,0.3333,0
36-45,71322.0,12.0,1.5031,0,2.0,0.0,0.0833,0
18-25,79244.0,21.0,0.8614,1,1.0,0.4,0.0476,1
56+,49912.0,22.0,0.7925,1,8.0,0.2,0.1818,1
56+,48699.0,4.0,0.2067,0,5.0,0.0,0.25,0
36-45,80144.0,18.0,1.1989,0,1.0,0.0,0.0556,0
56+,54252.0,10.0,0.523,0,6.0,0.0,0.5,0
36-45,81929.0,18.0,0.6657,1,6.0,0.4,0.1111,1
36-45,76068.0,9.0,0.3595,1,6.0,0.4,0.1111,0
36-45,53204.0,4.0,0.4257,0,4.0,0.0,0.25,0
56+,67911.0,24.0,3.2758,0,3.0,0.0,0.125,0
26-35,14796.0,4.0,0.1458,0,9.0,0.0,0.5,1
36-45,78128.0,18.0,1.7393,1,3.0,0.4,0.1111,0
36-45,14188.0,6.0,0.2722,0,6.0,0.0,0.1667,0
26-35,20425.0,5.0,0.1919,0,7.0,0.0,0.4,0
46-55,58646.0,7.0,0.3745,0,4.0,0.0,0.1429,0
36-45,72967.0,17.0,0.6936,1,5.0,0.2,0.1176,1
56+,48150.0,10.0,0.5331,0,7.0,0.0,0.3,0
46-55,82332.0,20.0,0.729,1,2.0,0.2,0.05,1
56+,58275.0,17.0,0.8968,0,7.0,0.0,0.3529,0
26-35,44953.0,23.0,0.946,1,6.0,0.2,0.0435,0
56+,34587.0,4.0,0.5317,0,4.0,0.0,0.5,0
36-45,43018.0,6.0,0.4297,0,5.0,0.0,0.1667,0
56+,45736.0,14.0,0.8117,0,7.0,0.0,0.3571,0
36-45,66476.0,24.0,1.8635,0,4.0,0.0,0.0833,0
26-35,27733.0,5.0,0.3093,0,7.0,0.0,0.4,0
56+,69805.0,25.0,2.212,0,2.0,0.0,0.08,0
46-55,72217.0,21.0,1.0146,0,2.0,0.0,0.0476,0
36-45,25818.0,3.0,0.1136,0,7.0,0.0,0.3333,0
36-45,37509.0,7.0,0.2536,0,7.0,0.0,0.2857,0
36-45,25176.0,3.0,0.1797,0,7.0,0.0,0.3333,0
26-35,43586.0,7.0,0.2498,0,8.0,0.0,0.4286,0
56+,53230.0,19.0,0.6572,0,5.0,0.0,0.2105,0
56+,50116.0,5.0,0.7845,1,5.0,0.2,0.4,0
36-45,84906.0,23.0,1.5454,1,2.0,0.6,0.0435,0
46-55,61286.0,16.0,0.9438,0,5.0,0.0,0.125,0
26-35,82333.0,17.0,0.8072,1,2.0,0.2,0.0588,1
46-55,65220.0,19.0,0.6812,0,6.0,0.0,0.2105,1
36-45,33590.0,3.0,0.2159,0,7.0,0.0,0.3333,0
36-45,30992.0,4.0,0.197,0,7.0,0.0,0.25,0
36-45,72309.0,19.0,0.8762,1,3.0,0.2,0.0526,1
56+,156924.0,0.0,0.0,0,0.0,0.0,0.0,0
26-35,16005.0,5.0,0.1751,0,8.0,0.0,0.6,0
56+,65487.0,14.0,1.2004,0,2.0,0.0,0.2143,0
46-55,58692.0,14.0,1.5841,0,7.0,0.0,0.0714,0
36-45,40590.0,10.0,0.669,1,6.0,0.2,0.5,0
36-45,20587.0,4.0,0.5203,0,7.0,0.0,0.25,0
56+,62637.0,9.0,0.8982,0,2.0,0.0,0.1111,0
46-55,29435.0,7.0,0.2429,0,9.0,0.0,0.5714,1
36-45,19346.0,4.0,0.3634,0,8.0,0.0,0.25,0
36-45,35788.0,5.0,0.445,0,6.0,0.0,0.4,0
46-55,36997.0,7.0,0.3052,0,5.0,0.0,0.7143,0
56+,23539.0,6.0,0.5968,0,6.0,0.0,0.1667,0
36-45,65333.0,21.0,1.8367,1,6.0,0.4,0.3333,0
56+,78499.0,18.0,1.3595,1,4.0,0.2,0.0556,1
36-45,29732.0,4.0,0.4333,0,9.0,0.0,0.25,0
46-55,41275.0,7.0,0.7555,0,5.0,0.0,0.5714,0
36-45,63516.0,12.0,0.6727,0,5.0,0.0,0.3333,0
46-55,42769.0,6.0,0.4104,0,4.0,0.0,0.3333,0
56+,49572.0,5.0,0.3994,0,7.0,0.0,0.4,0
36-45,69209.0,14.0,0.5103,1,4.0,0.2,0.1429,0
36-45,17148.0,7.0,0.6322,0,8.0,0.0,0.5714,0
36-45,40590.0,10.0,0.669,1,6.0,0.2,0.5,0
36-45,30560.0,4.0,0.2206,0,7.0,0.0,0.25,0
26-35,32146.0,6.0,0.7838,0,6.0,0.0,0.3333,0
46-55,41713.0,8.0,0.9898,0,6.0,0.0,0.625,0
36-45,34176.0,4.0,0.355,0,3.0,0.0,0.25,0
56+,58482.0,20.0,2.0706,1,6.0,0.2,0.1,0
46-55,59686.0,11.0,0.9847,0,4.0,0.0,0.0909,0
46-55,60896.0,23.0,0.8632,0,6.0,0.0,0.1304,1
26-35,62994.0,12.0,1.2094,0,6.0,0.0,0.0833,0
56+,47320.0,14.0,0.8242,0,6.0,0.0,0.4286,0
56+,74859.0,22.0,1.1625,1,3.0,0.2,0.0455,0
18-25,15253.0,4.0,0.2838,0,7.0,0.0,0.5,0
36-45,31560.0,6.0,0.3291,0,8.0,0.0,0.3333,0
56+,72071.0,17.0,0.7554,0,2.0,0.0,0.1765,0
18-25,91172.0,14.0,0.6617,1,3.0,0.8,0.0,1
26-35,90000.0,17.0,1.3872,1,1.0,0.6,0.0588,0
26-35,41967.0,4.0,0.3021,0,4.0,0.0,0.25,0
46-55,69263.0,17.0,1.7191,1,6.0,0.2,0.0588,0
36-45,65706.0,26.0,1.4363,1,7.0,0.6,0.0385,1
36-45,60934.0,21.0,1.8367,0,4.0,0.0,0.0952,0
56+,71965.0,14.0,0.8195,0,3.0,0.0,0.2143,0
56+,65210.0,20.0,2.0566,1,6.0,0.4,0.1,0
36-45,79174.0,18.0,0.762,1,2.0,0.4,0.0556,1
46-55,81380.0,16.0,0.659,0,2.0,0.0,0.0625,0
36-45,48432.0,14.0,0.53,0,8.0,0.0,0.3571,0
36-45,52914.0,13.0,0.5473,1,7.0,0.2,0.1538,0
56+,38946.0,10.0,0.7029,0,5.0,0.0,0.2,0
36-45,26067.0,6.0,0.4328,0,8.0,0.0,0.5,0
36-45,44325.0,17.0,0.7793,1,8.0,0.2,0.2353,0
46-55,42523.0,6.0,0.7247,0,2.0,0.0,0.1667,0
36-45,26487.0,6.0,0.3095,0,5.0,0.0,0.5,0
56+,53233.0,4.0,0.4227,0,4.0,0.0,0.25,0
46-55,67716.0,24.0,1.0146,1,5.0,0.2,0.1667,0
36-45,76234.0,22.0,2.0415,1,3.0,0.2,0.0455,0
56+,84117.0,23.0,2.9917,1,2.0,0.2,0.0435,0
56+,65487.0,14.0,1.2004,0,2.0,0.0,0.2143,0
36-45,25224.0,5.0,0.5248,0,3.0,0.0,0.4,0
26-35,89616.0,24.0,1.0838,0,2.0,0.0,0.0417,1
36-45,40851.0,4.0,0.1796,0,7.0,0.0,0.25,0
56+,27469.0,3.0,0.1036,0,6.0,0.0,0.3333,0
56+,82347.0,24.0,0.9306,1,3.0,0.4,0.0417,1
56+,73803.0,20.0,0.6902,1,6.0,0.2,0.1,1
56+,8820.0,6.0,0.2814,0,8.0,0.0,0.6667,0
36-45,43322.0,7.0,0.8388,0,7.0,0.0,0.1429,0
36-45,55593.0,15.0,0.9186,1,6.0,0.2,0.1333,0
56+,50501.0,13.0,0.7053,1,6.0,0.2,0.5385,1
36-45,37085.0,6.0,0.9714,0,8.0,0.0,0.6667,0
18-25,16185.0,6.0,0.356,0,8.0,0.0,0.3333,0
36-45,57731.0,22.0,0.8719,0,6.0,0.0,0.1818,0
36-45,48432.0,14.0,0.53,0,8.0,0.0,0.3571,1
36-45,73807.0,21.0,0.878,0,2.0,0.0,0.0952,0
18-25,18929.0,5.0,0.2228,0,6.0,0.0,0.2,0
46-55,35893.0,9.0,0.3395,0,8.0,0.0,0.6667,0
26-35,61014.0,16.0,0.5585,0,7.0,0.0,0.25,0
56+,32144.0,6.0,0.6453,1,7.0,0.2,0.6667,0
46-55,14918.0,4.0,0.1615,0,6.0,0.0,0.25,0
46-55,45146.0,4.0,0.228,0,4.0,0.0,0.5,0
56+,41769.0,16.0,0.7099,0,8.0,0.0,0.375,0
26-35,88325.0,17.0,1.5728,0,2.0,0.0,0.0588,0
56+,38054.0,5.0,0.6237,0,7.0,0.0,0.4,0
18-25,80617.0,18.0,0.6764,0,2.0,0.0,0.0556,0
36-45,5305.0,1.0,0.0586,0,13.0,0.0,0.0,0
56+,36807.0,3.0,0.1232,0,6.0,0.0,0.3333,0
26-35,28427.0,5.0,0.2341,0,8.0,0.0,0.4,0
56+,82032.0,17.0,1.9164,0,1.0,0.0,0.0,0
36-45,22775.0,3.0,0.1631,0,8.0,0.0,0.3333,0
26-35,40101.0,13.0,0.4897,0,7.0,0.0,0.3077,0
26-35,58025.0,15.0,1.1414,0,4.0,0.0,0.2,0
26-35,75777.0,20.0,1.117,1,1.0,0.4,0.05,1
26-35,7500.0,7.0,0.3533,0,7.0,0.0,0.5714,0
46-55,33562.0,6.0,0.9663,0,4.0,0.0,0.5,0
36-45,57642.0,19.0,1.6245,1,4.0,0.2,0.1579,0
46-55,58554.0,16.0,0.5896,0,7.0,0.0,0.375,0
26-35,63777.0,18.0,0.8468,0,8.0,0.0,0.4444,0
46-55,57967.0,14.0,0.6379,0,5.0,0.0,0.3571,0
36-45,,1.0,0.0349,1,0.0,0.2,0.0,0
36-45,24434.0,5.0,0.6704,0,7.0,0.0,0.4,0
26-35,11012.0,6.0,0.2788,1,9.0,0.2,0.5,0
36-45,44802.0,25.0,0.8828,0,8.0,0.0,0.08,0
26-35,26816.0,3.0,0.1054,0,4.0,0.0,0.3333,0
36-45,666666.0,7.0,0.3693,0,6.0,0.0,0.5714,0
36-45,34421.0,3.0,0.1666,0,7.0,0.0,0.3333,0
46-55,61223.0,16.0,0.8604,0,5.0,0.0,0.125,0
56+,64014.0,15.0,2.2381,1,7.0,0.2,0.4667,0
26-35,56981.0,18.0,1.6114,1,6.0,0.2,0.0556,0
56+,69245.0,21.0,1.8745,0,3.0,0.0,0.0952,0
56+,52869.0,8.0,0.3017,0,7.0,0.0,0.375,1
